
-- -----------------------------------------------------
-- Data for table `dbo.City`
-- -----------------------------------------------------
SET IDENTITY_INSERT dbo.City ON
BEGIN TRANSACTION;
/**/
INSERT INTO dbo.City ([pk_City], [CityDescription]) VALUES (14, 'Baltimore');
INSERT INTO dbo.City ([pk_City], [CityDescription]) VALUES (9, 'Bellflower');
INSERT INTO dbo.City ([pk_City], [CityDescription]) VALUES (48, 'Bellingham');
INSERT INTO dbo.City ([pk_City], [CityDescription]) VALUES (15, 'Berkeley');
INSERT INTO dbo.City ([pk_City], [CityDescription]) VALUES (103, 'Bogota');
INSERT INTO dbo.City ([pk_City], [CityDescription]) VALUES (17, 'Bremerton');
INSERT INTO dbo.City ([pk_City], [CityDescription]) VALUES (106, 'Brisbane');
INSERT INTO dbo.City ([pk_City], [CityDescription]) VALUES (101, 'Budapest');
INSERT INTO dbo.City ([pk_City], [CityDescription]) VALUES (58, 'Burbank');
INSERT INTO dbo.City ([pk_City], [CityDescription]) VALUES (21, 'Burien');
INSERT INTO dbo.City ([pk_City], [CityDescription]) VALUES (80, 'Burlingame');
INSERT INTO dbo.City ([pk_City], [CityDescription]) VALUES (83, 'Bury');
INSERT INTO dbo.City ([pk_City], [CityDescription]) VALUES (71, 'Calgary');
INSERT INTO dbo.City ([pk_City], [CityDescription]) VALUES (5, 'Cambridge');
INSERT INTO dbo.City ([pk_City], [CityDescription]) VALUES (32, 'Chula Vista');
INSERT INTO dbo.City ([pk_City], [CityDescription]) VALUES (40, 'Cincinnati');
INSERT INTO dbo.City ([pk_City], [CityDescription]) VALUES (11, 'Coffs Harbour');
INSERT INTO dbo.City ([pk_City], [CityDescription]) VALUES (28, 'Colma');
INSERT INTO dbo.City ([pk_City], [CityDescription]) VALUES (89, 'Concord');
INSERT INTO dbo.City ([pk_City], [CityDescription]) VALUES (7, 'Corvallis');
INSERT INTO dbo.City ([pk_City], [CityDescription]) VALUES (57, 'El Cajon');
INSERT INTO dbo.City ([pk_City], [CityDescription]) VALUES (52, 'Everett');
INSERT INTO dbo.City ([pk_City], [CityDescription]) VALUES (18, 'Gateshead');
INSERT INTO dbo.City ([pk_City], [CityDescription]) VALUES (2, 'Haney');
INSERT INTO dbo.City ([pk_City], [CityDescription]) VALUES (3, 'Hervey Bay');
INSERT INTO dbo.City ([pk_City], [CityDescription]) VALUES (78, 'Issaquah');
INSERT INTO dbo.City ([pk_City], [CityDescription]) VALUES (30, 'Kirkland');
INSERT INTO dbo.City ([pk_City], [CityDescription]) VALUES (104, 'Kyiv');
INSERT INTO dbo.City ([pk_City], [CityDescription]) VALUES (68, 'Lake Oswego');
INSERT INTO dbo.City ([pk_City], [CityDescription]) VALUES (99, 'Lane Cove');
INSERT INTO dbo.City ([pk_City], [CityDescription]) VALUES (55, 'Langley');
INSERT INTO dbo.City ([pk_City], [CityDescription]) VALUES (1, 'Lebanon');
INSERT INTO dbo.City ([pk_City], [CityDescription]) VALUES (29, 'Leeds');
INSERT INTO dbo.City ([pk_City], [CityDescription]) VALUES (22, 'London');
INSERT INTO dbo.City ([pk_City], [CityDescription]) VALUES (51, 'Los Angeles');
INSERT INTO dbo.City ([pk_City], [CityDescription]) VALUES (76, 'Lynnwood');
INSERT INTO dbo.City ([pk_City], [CityDescription]) VALUES (69, 'Marysville');
INSERT INTO dbo.City ([pk_City], [CityDescription]) VALUES (25, 'Matraville');
INSERT INTO dbo.City ([pk_City], [CityDescription]) VALUES (19, 'Metchosin');
INSERT INTO dbo.City ([pk_City], [CityDescription]) VALUES (6, 'Mill Valley');
INSERT INTO dbo.City ([pk_City], [CityDescription]) VALUES (8, 'Milsons Point');
INSERT INTO dbo.City ([pk_City], [CityDescription]) VALUES (70, 'Milton Keynes');
INSERT INTO dbo.City ([pk_City], [CityDescription]) VALUES (16, 'N. Vancouver');
INSERT INTO dbo.City ([pk_City], [CityDescription]) VALUES (105, 'New York City');
INSERT INTO dbo.City ([pk_City], [CityDescription]) VALUES (92, 'Newcastle');
INSERT INTO dbo.City ([pk_City], [CityDescription]) VALUES (90, 'Newton');
INSERT INTO dbo.City ([pk_City], [CityDescription]) VALUES (84, 'North Ryde');
INSERT INTO dbo.City ([pk_City], [CityDescription]) VALUES (43, 'North Sydney');
INSERT INTO dbo.City ([pk_City], [CityDescription]) VALUES (95, 'Oak Bay');
INSERT INTO dbo.City ([pk_City], [CityDescription]) VALUES (97, 'Oakland');
INSERT INTO dbo.City ([pk_City], [CityDescription]) VALUES (82, 'Olympia');
INSERT INTO dbo.City ([pk_City], [CityDescription]) VALUES (31, 'Oregon City');
INSERT INTO dbo.City ([pk_City], [CityDescription]) VALUES (74, 'Oxford');
INSERT INTO dbo.City ([pk_City], [CityDescription]) VALUES (13, 'Peterborough');
INSERT INTO dbo.City ([pk_City], [CityDescription]) VALUES (108, 'Philadelphia');
INSERT INTO dbo.City ([pk_City], [CityDescription]) VALUES (107, 'Plovdiv');
INSERT INTO dbo.City ([pk_City], [CityDescription]) VALUES (47, 'Port Macquarie');
INSERT INTO dbo.City ([pk_City], [CityDescription]) VALUES (87, 'Port Orchard');
INSERT INTO dbo.City ([pk_City], [CityDescription]) VALUES (37, 'Portland');
INSERT INTO dbo.City ([pk_City], [CityDescription]) VALUES (12, 'Puyallup');
INSERT INTO dbo.City ([pk_City], [CityDescription]) VALUES (59, 'Redmond');
INSERT INTO dbo.City ([pk_City], [CityDescription]) VALUES (64, 'Rhodes');
INSERT INTO dbo.City ([pk_City], [CityDescription]) VALUES (86, 'San Diego');
INSERT INTO dbo.City ([pk_City], [CityDescription]) VALUES (26, 'Santa Cruz');
INSERT INTO dbo.City ([pk_City], [CityDescription]) VALUES (23, 'Santa Monica');
INSERT INTO dbo.City ([pk_City], [CityDescription]) VALUES (50, 'Seattle');
INSERT INTO dbo.City ([pk_City], [CityDescription]) VALUES (67, 'Sedro Woolley');
INSERT INTO dbo.City ([pk_City], [CityDescription]) VALUES (93, 'Shawnee');
INSERT INTO dbo.City ([pk_City], [CityDescription]) VALUES (38, 'Silverwater');
INSERT INTO dbo.City ([pk_City], [CityDescription]) VALUES (77, 'South Melbourne');
INSERT INTO dbo.City ([pk_City], [CityDescription]) VALUES (36, 'Springwood');
INSERT INTO dbo.City ([pk_City], [CityDescription]) VALUES (34, 'Stoke-on-Trent');
INSERT INTO dbo.City ([pk_City], [CityDescription]) VALUES (10, 'Torrance');
INSERT INTO dbo.City ([pk_City], [CityDescription]) VALUES (42, 'Townsville');
INSERT INTO dbo.City ([pk_City], [CityDescription]) VALUES (45, 'Walla Walla');
INSERT INTO dbo.City ([pk_City], [CityDescription]) VALUES (79, 'Warrnambool');
INSERT INTO dbo.City ([pk_City], [CityDescription]) VALUES (35, 'West Covina');
INSERT INTO dbo.City ([pk_City], [CityDescription]) VALUES (46, 'Wollongong');
INSERT INTO dbo.City ([pk_City], [CityDescription]) VALUES (65, 'Woodland Hills');
INSERT INTO dbo.City ([pk_City], [CityDescription]) VALUES (62, 'Yakima');

COMMIT;
SET IDENTITY_INSERT dbo.City OFF

-- -----------------------------------------------------
-- Data for table dbo.GeographicalRegion
-- -----------------------------------------------------
SET IDENTITY_INSERT dbo.GeographicalRegion ON
BEGIN TRANSACTION;

INSERT INTO dbo.GeographicalRegion ([pk_GeographicalRegion], [GeographicalRegionDescription]) VALUES (71, 'Alberta');
INSERT INTO dbo.GeographicalRegion ([pk_GeographicalRegion], [GeographicalRegionDescription]) VALUES (106, 'Australia');
INSERT INTO dbo.GeographicalRegion ([pk_GeographicalRegion], [GeographicalRegionDescription]) VALUES (2, 'British Columbia');
INSERT INTO dbo.GeographicalRegion ([pk_GeographicalRegion], [GeographicalRegionDescription]) VALUES (107, 'Bulgaria');
INSERT INTO dbo.GeographicalRegion ([pk_GeographicalRegion], [GeographicalRegionDescription]) VALUES (6, 'California');
INSERT INTO dbo.GeographicalRegion ([pk_GeographicalRegion], [GeographicalRegionDescription]) VALUES (103, 'Columbia');
INSERT INTO dbo.GeographicalRegion ([pk_GeographicalRegion], [GeographicalRegionDescription]) VALUES (5, 'England');
INSERT INTO dbo.GeographicalRegion ([pk_GeographicalRegion], [GeographicalRegionDescription]) VALUES (101, 'Hungary');
INSERT INTO dbo.GeographicalRegion ([pk_GeographicalRegion], [GeographicalRegionDescription]) VALUES (14, 'Maryland');
INSERT INTO dbo.GeographicalRegion ([pk_GeographicalRegion], [GeographicalRegionDescription]) VALUES (8, 'New South Wales');
INSERT INTO dbo.GeographicalRegion ([pk_GeographicalRegion], [GeographicalRegionDescription]) VALUES (105, 'New York');
INSERT INTO dbo.GeographicalRegion ([pk_GeographicalRegion], [GeographicalRegionDescription]) VALUES (40, 'Ohio');
INSERT INTO dbo.GeographicalRegion ([pk_GeographicalRegion], [GeographicalRegionDescription]) VALUES (1, 'Oregon');
INSERT INTO dbo.GeographicalRegion ([pk_GeographicalRegion], [GeographicalRegionDescription]) VALUES (108, 'Pennsylvania');
INSERT INTO dbo.GeographicalRegion ([pk_GeographicalRegion], [GeographicalRegionDescription]) VALUES (3, 'Queensland');
INSERT INTO dbo.GeographicalRegion ([pk_GeographicalRegion], [GeographicalRegionDescription]) VALUES (104, 'Ukraine');
INSERT INTO dbo.GeographicalRegion ([pk_GeographicalRegion], [GeographicalRegionDescription]) VALUES (77, 'Victoria');
INSERT INTO dbo.GeographicalRegion ([pk_GeographicalRegion], [GeographicalRegionDescription]) VALUES (12, 'Washington');

COMMIT;
SET IDENTITY_INSERT dbo.GeographicalRegion OFF


-- -----------------------------------------------------
-- Data for table dbo.Address
-- -----------------------------------------------------

SET IDENTITY_INSERT dbo.Address ON

BEGIN TRANSACTION;

INSERT INTO dbo.Address ([pk_Address], [AddressStreet], [AddressUnit], [fk_City], [AddressPostalCode], [fk_GeographicalRegion]) VALUES (1, '10 Napa Ct.', 'NULL', 1, '97355', 1);
INSERT INTO dbo.Address ([pk_Address], [AddressStreet], [AddressUnit], [fk_City], [AddressPostalCode], [fk_GeographicalRegion]) VALUES (2, '1000 Bidweld Street', 'NULL', 2, 'V2W 1W2', 2);
INSERT INTO dbo.Address ([pk_Address], [AddressStreet], [AddressUnit], [fk_City], [AddressPostalCode], [fk_GeographicalRegion]) VALUES (3, '1002 N. Spoonwood Court', 'NULL', 3, '4655', 3);
INSERT INTO dbo.Address ([pk_Address], [AddressStreet], [AddressUnit], [fk_City], [AddressPostalCode], [fk_GeographicalRegion]) VALUES (4, '1003 Matterhorn Ct', 'NULL', 1, '97355', 1);
INSERT INTO dbo.Address ([pk_Address], [AddressStreet], [AddressUnit], [fk_City], [AddressPostalCode], [fk_GeographicalRegion]) VALUES (5, '1005 Matterhorn Ct.', 'NULL', 5, 'CB4 4BZ', 5);
INSERT INTO dbo.Address ([pk_Address], [AddressStreet], [AddressUnit], [fk_City], [AddressPostalCode], [fk_GeographicalRegion]) VALUES (6, '1005 Matterhorn Ct.', 'NULL', 6, '94941', 6);
INSERT INTO dbo.Address ([pk_Address], [AddressStreet], [AddressUnit], [fk_City], [AddressPostalCode], [fk_GeographicalRegion]) VALUES (7, '1005 Tanager Court', 'NULL', 7, '97330', 1);
INSERT INTO dbo.Address ([pk_Address], [AddressStreet], [AddressUnit], [fk_City], [AddressPostalCode], [fk_GeographicalRegion]) VALUES (8, '1005 Tanager Court', 'NULL', 8, '2061', 8);
INSERT INTO dbo.Address ([pk_Address], [AddressStreet], [AddressUnit], [fk_City], [AddressPostalCode], [fk_GeographicalRegion]) VALUES (9, '1006 Deercreek Ln', 'NULL', 9, '90706', 6);
INSERT INTO dbo.Address ([pk_Address], [AddressStreet], [AddressUnit], [fk_City], [AddressPostalCode], [fk_GeographicalRegion]) VALUES (10, '1006 Deercreek Ln', 'NULL', 10, '90505', 6);
INSERT INTO dbo.Address ([pk_Address], [AddressStreet], [AddressUnit], [fk_City], [AddressPostalCode], [fk_GeographicalRegion]) VALUES (11, '101 Adobe Dr', 'NULL', 11, '2450', 8);
INSERT INTO dbo.Address ([pk_Address], [AddressStreet], [AddressUnit], [fk_City], [AddressPostalCode], [fk_GeographicalRegion]) VALUES (12, '101 Adobe Dr', 'NULL', 12, '98371', 12);
INSERT INTO dbo.Address ([pk_Address], [AddressStreet], [AddressUnit], [fk_City], [AddressPostalCode], [fk_GeographicalRegion]) VALUES (13, '101, aVenue de la Gare', 'NULL', 13, 'PB12', 5);
INSERT INTO dbo.Address ([pk_Address], [AddressStreet], [AddressUnit], [fk_City], [AddressPostalCode], [fk_GeographicalRegion]) VALUES (14, '1010 Maple', 'NULL', 14, '21201', 14);
INSERT INTO dbo.Address ([pk_Address], [AddressStreet], [AddressUnit], [fk_City], [AddressPostalCode], [fk_GeographicalRegion]) VALUES (15, '1011 Yolanda Circle', 'NULL', 15, '94704', 6);
INSERT INTO dbo.Address ([pk_Address], [AddressStreet], [AddressUnit], [fk_City], [AddressPostalCode], [fk_GeographicalRegion]) VALUES (16, '1011 Yolanda Circle', 'NULL', 16, 'V7L 4J4', 2);
INSERT INTO dbo.Address ([pk_Address], [AddressStreet], [AddressUnit], [fk_City], [AddressPostalCode], [fk_GeographicalRegion]) VALUES (17, '1013 Holiday Hills Dr.', 'NULL', 17, '98312', 12);
INSERT INTO dbo.Address ([pk_Address], [AddressStreet], [AddressUnit], [fk_City], [AddressPostalCode], [fk_GeographicalRegion]) VALUES (18, '1013 Holiday Hills Dr.', 'NULL', 18, 'GA10', 5);
INSERT INTO dbo.Address ([pk_Address], [AddressStreet], [AddressUnit], [fk_City], [AddressPostalCode], [fk_GeographicalRegion]) VALUES (19, '1015 Lynwood Drive', 'NULL', 19, 'V9', 2);
INSERT INTO dbo.Address ([pk_Address], [AddressStreet], [AddressUnit], [fk_City], [AddressPostalCode], [fk_GeographicalRegion]) VALUES (20, '1019 Carletto Drive', 'NULL', 15, '94704', 6);
INSERT INTO dbo.Address ([pk_Address], [AddressStreet], [AddressUnit], [fk_City], [AddressPostalCode], [fk_GeographicalRegion]) VALUES (21, '1019 Mt. Davidson Court', 'NULL', 21, '98168', 12);
INSERT INTO dbo.Address ([pk_Address], [AddressStreet], [AddressUnit], [fk_City], [AddressPostalCode], [fk_GeographicalRegion]) VALUES (22, '1019 Mt. Davidson Court', 'NULL', 22, 'SW8 4BG', 5);
INSERT INTO dbo.Address ([pk_Address], [AddressStreet], [AddressUnit], [fk_City], [AddressPostalCode], [fk_GeographicalRegion]) VALUES (23, '102 Vista Place', 'NULL', 23, '90401', 6);
INSERT INTO dbo.Address ([pk_Address], [AddressStreet], [AddressUnit], [fk_City], [AddressPostalCode], [fk_GeographicalRegion]) VALUES (24, '1020 Book Road', 'NULL', 17, '98312', 12);
INSERT INTO dbo.Address ([pk_Address], [AddressStreet], [AddressUnit], [fk_City], [AddressPostalCode], [fk_GeographicalRegion]) VALUES (25, '1020 Carletto Drive', 'NULL', 25, '2036', 8);
INSERT INTO dbo.Address ([pk_Address], [AddressStreet], [AddressUnit], [fk_City], [AddressPostalCode], [fk_GeographicalRegion]) VALUES (26, '1020 Carletto Drive', 'NULL', 26, '95062', 6);
INSERT INTO dbo.Address ([pk_Address], [AddressStreet], [AddressUnit], [fk_City], [AddressPostalCode], [fk_GeographicalRegion]) VALUES (27, '1023 Hawkins Street', 'NULL', 1, '97355', 1);
INSERT INTO dbo.Address ([pk_Address], [AddressStreet], [AddressUnit], [fk_City], [AddressPostalCode], [fk_GeographicalRegion]) VALUES (28, '1024 Walnut Blvd.', 'NULL', 28, '94014', 6);
INSERT INTO dbo.Address ([pk_Address], [AddressStreet], [AddressUnit], [fk_City], [AddressPostalCode], [fk_GeographicalRegion]) VALUES (29, '1025 Holly Oak Drive', 'NULL', 29, 'LE18', 5);
INSERT INTO dbo.Address ([pk_Address], [AddressStreet], [AddressUnit], [fk_City], [AddressPostalCode], [fk_GeographicalRegion]) VALUES (30, '1025 R St.', 'NULL', 30, '98033', 12);
INSERT INTO dbo.Address ([pk_Address], [AddressStreet], [AddressUnit], [fk_City], [AddressPostalCode], [fk_GeographicalRegion]) VALUES (31, '1025 Yosemite Dr.', 'NULL', 31, '97045', 1);
INSERT INTO dbo.Address ([pk_Address], [AddressStreet], [AddressUnit], [fk_City], [AddressPostalCode], [fk_GeographicalRegion]) VALUES (32, '1028 Green View Court', 'NULL', 32, '91910', 6);
INSERT INTO dbo.Address ([pk_Address], [AddressStreet], [AddressUnit], [fk_City], [AddressPostalCode], [fk_GeographicalRegion]) VALUES (33, '1028 Green View Court', 'NULL', 31, '97045', 1);
INSERT INTO dbo.Address ([pk_Address], [AddressStreet], [AddressUnit], [fk_City], [AddressPostalCode], [fk_GeographicalRegion]) VALUES (34, '1037 Hayes Court', 'NULL', 34, 'AS23', 5);
INSERT INTO dbo.Address ([pk_Address], [AddressStreet], [AddressUnit], [fk_City], [AddressPostalCode], [fk_GeographicalRegion]) VALUES (35, '1039 Adelaide St.', 'NULL', 35, '91791', 6);
INSERT INTO dbo.Address ([pk_Address], [AddressStreet], [AddressUnit], [fk_City], [AddressPostalCode], [fk_GeographicalRegion]) VALUES (36, '104 Hilltop Dr.', 'NULL', 36, '2777', 8);
INSERT INTO dbo.Address ([pk_Address], [AddressStreet], [AddressUnit], [fk_City], [AddressPostalCode], [fk_GeographicalRegion]) VALUES (37, '104 Kaski Ln.', 'NULL', 37, '97205', 1);
INSERT INTO dbo.Address ([pk_Address], [AddressStreet], [AddressUnit], [fk_City], [AddressPostalCode], [fk_GeographicalRegion]) VALUES (38, '1040 Greenbush Drive', 'NULL', 38, '2264', 8);
INSERT INTO dbo.Address ([pk_Address], [AddressStreet], [AddressUnit], [fk_City], [AddressPostalCode], [fk_GeographicalRegion]) VALUES (39, '1040 Northridge Road', 'NULL', 22, 'W1X3SE', 5);
INSERT INTO dbo.Address ([pk_Address], [AddressStreet], [AddressUnit], [fk_City], [AddressPostalCode], [fk_GeographicalRegion]) VALUES (40, '1044 San Carlos', 'NULL', 40, '45202', 40);
INSERT INTO dbo.Address ([pk_Address], [AddressStreet], [AddressUnit], [fk_City], [AddressPostalCode], [fk_GeographicalRegion]) VALUES (41, '1045 Lolita Drive', 'NULL', 10, '90505', 6);
INSERT INTO dbo.Address ([pk_Address], [AddressStreet], [AddressUnit], [fk_City], [AddressPostalCode], [fk_GeographicalRegion]) VALUES (42, '1045 Lolita Drive', 'NULL', 42, '4810', 3);
INSERT INTO dbo.Address ([pk_Address], [AddressStreet], [AddressUnit], [fk_City], [AddressPostalCode], [fk_GeographicalRegion]) VALUES (43, '1047 Las Quebradas Lane', 'NULL', 43, '2055', 8);
INSERT INTO dbo.Address ([pk_Address], [AddressStreet], [AddressUnit], [fk_City], [AddressPostalCode], [fk_GeographicalRegion]) VALUES (44, '1048 Burwood Way', 'NULL', 3, '4655', 3);
INSERT INTO dbo.Address ([pk_Address], [AddressStreet], [AddressUnit], [fk_City], [AddressPostalCode], [fk_GeographicalRegion]) VALUES (45, '1048 Las Quebradas Lane', 'NULL', 45, '99362', 12);
INSERT INTO dbo.Address ([pk_Address], [AddressStreet], [AddressUnit], [fk_City], [AddressPostalCode], [fk_GeographicalRegion]) VALUES (46, '1048 Las Quebradas Lane', 'NULL', 46, '2500', 8);
INSERT INTO dbo.Address ([pk_Address], [AddressStreet], [AddressUnit], [fk_City], [AddressPostalCode], [fk_GeographicalRegion]) VALUES (47, '105 Clark Creek Lane', 'NULL', 47, '2444', 8);
INSERT INTO dbo.Address ([pk_Address], [AddressStreet], [AddressUnit], [fk_City], [AddressPostalCode], [fk_GeographicalRegion]) VALUES (48, '105 Woodruff Ln.', 'NULL', 48, '98225', 12);
INSERT INTO dbo.Address ([pk_Address], [AddressStreet], [AddressUnit], [fk_City], [AddressPostalCode], [fk_GeographicalRegion]) VALUES (49, '1050 Creed Ave', 'NULL', 22, 'W10 6BL', 5);
INSERT INTO dbo.Address ([pk_Address], [AddressStreet], [AddressUnit], [fk_City], [AddressPostalCode], [fk_GeographicalRegion]) VALUES (50, '081, boulevard du Montparnasse', 'NULL', 50, '98104', 12);
INSERT INTO dbo.Address ([pk_Address], [AddressStreet], [AddressUnit], [fk_City], [AddressPostalCode], [fk_GeographicalRegion]) VALUES (51, '1 Smiling Tree Court', 'Space 55', 51, '90012', 6);
INSERT INTO dbo.Address ([pk_Address], [AddressStreet], [AddressUnit], [fk_City], [AddressPostalCode], [fk_GeographicalRegion]) VALUES (52, '100, rue des Rosiers', 'NULL', 52, '98201', 12);
INSERT INTO dbo.Address ([pk_Address], [AddressStreet], [AddressUnit], [fk_City], [AddressPostalCode], [fk_GeographicalRegion]) VALUES (53, '1002 N. Spoonwood Court', 'NULL', 15, '94704', 6);
INSERT INTO dbo.Address ([pk_Address], [AddressStreet], [AddressUnit], [fk_City], [AddressPostalCode], [fk_GeographicalRegion]) VALUES (54, '1005 Fremont Street', 'NULL', 28, '94014', 6);
INSERT INTO dbo.Address ([pk_Address], [AddressStreet], [AddressUnit], [fk_City], [AddressPostalCode], [fk_GeographicalRegion]) VALUES (55, '1005 Valley Oak Plaza', 'NULL', 55, 'V3A 4R2', 2);
INSERT INTO dbo.Address ([pk_Address], [AddressStreet], [AddressUnit], [fk_City], [AddressPostalCode], [fk_GeographicalRegion]) VALUES (56, '1005 Valley Oak Plaza', 'NULL', 22, 'SW6 SBY', 5);
INSERT INTO dbo.Address ([pk_Address], [AddressStreet], [AddressUnit], [fk_City], [AddressPostalCode], [fk_GeographicalRegion]) VALUES (57, '1007 Cardinet Dr.', 'NULL', 57, '92020', 6);
INSERT INTO dbo.Address ([pk_Address], [AddressStreet], [AddressUnit], [fk_City], [AddressPostalCode], [fk_GeographicalRegion]) VALUES (58, '1008 Lydia Lane', 'NULL', 58, '91502', 6);
INSERT INTO dbo.Address ([pk_Address], [AddressStreet], [AddressUnit], [fk_City], [AddressPostalCode], [fk_GeographicalRegion]) VALUES (59, '101 Candy Rd.', 'NULL', 59, '98052', 12);
INSERT INTO dbo.Address ([pk_Address], [AddressStreet], [AddressUnit], [fk_City], [AddressPostalCode], [fk_GeographicalRegion]) VALUES (60, '1011 Green St.', 'NULL', 48, '98225', 12);
INSERT INTO dbo.Address ([pk_Address], [AddressStreet], [AddressUnit], [fk_City], [AddressPostalCode], [fk_GeographicalRegion]) VALUES (61, '1013 Buchanan Rd', 'NULL', 47, '2444', 8);
INSERT INTO dbo.Address ([pk_Address], [AddressStreet], [AddressUnit], [fk_City], [AddressPostalCode], [fk_GeographicalRegion]) VALUES (62, '1013 Buchanan Rd', 'NULL', 62, '98901', 12);
INSERT INTO dbo.Address ([pk_Address], [AddressStreet], [AddressUnit], [fk_City], [AddressPostalCode], [fk_GeographicalRegion]) VALUES (63, '1016 Park AVenue', 'NULL', 58, '91502', 6);
INSERT INTO dbo.Address ([pk_Address], [AddressStreet], [AddressUnit], [fk_City], [AddressPostalCode], [fk_GeographicalRegion]) VALUES (64, '1019 Book Road', 'NULL', 64, '2138', 8);
INSERT INTO dbo.Address ([pk_Address], [AddressStreet], [AddressUnit], [fk_City], [AddressPostalCode], [fk_GeographicalRegion]) VALUES (65, '1019 Buchanan Road', 'NULL', 65, '91364', 6);
INSERT INTO dbo.Address ([pk_Address], [AddressStreet], [AddressUnit], [fk_City], [AddressPostalCode], [fk_GeographicalRegion]) VALUES (66, '1019 Candy Rd.', 'NULL', 11, '2450', 8);
INSERT INTO dbo.Address ([pk_Address], [AddressStreet], [AddressUnit], [fk_City], [AddressPostalCode], [fk_GeographicalRegion]) VALUES (67, '1019 Chance Drive', 'NULL', 67, '98284', 12);
INSERT INTO dbo.Address ([pk_Address], [AddressStreet], [AddressUnit], [fk_City], [AddressPostalCode], [fk_GeographicalRegion]) VALUES (68, '1019 Kenwal Rd.', 'NULL', 68, '97034', 1);
INSERT INTO dbo.Address ([pk_Address], [AddressStreet], [AddressUnit], [fk_City], [AddressPostalCode], [fk_GeographicalRegion]) VALUES (69, '1019 Pennsylvania Blvd', 'NULL', 69, '98270', 12);
INSERT INTO dbo.Address ([pk_Address], [AddressStreet], [AddressUnit], [fk_City], [AddressPostalCode], [fk_GeographicalRegion]) VALUES (70, '102 Vista Place', 'NULL', 70, 'MK8 8DF', 5);
INSERT INTO dbo.Address ([pk_Address], [AddressStreet], [AddressUnit], [fk_City], [AddressPostalCode], [fk_GeographicalRegion]) VALUES (71, '10203 Acorn AVenue', 'NULL', 71, 'T2P 2G8', 71);
INSERT INTO dbo.Address ([pk_Address], [AddressStreet], [AddressUnit], [fk_City], [AddressPostalCode], [fk_GeographicalRegion]) VALUES (72, '1023 Hawkins Street', 'NULL', 42, '4810', 3);
INSERT INTO dbo.Address ([pk_Address], [AddressStreet], [AddressUnit], [fk_City], [AddressPostalCode], [fk_GeographicalRegion]) VALUES (73, '1023 Riveria Way', 'NULL', 58, '91502', 6);
INSERT INTO dbo.Address ([pk_Address], [AddressStreet], [AddressUnit], [fk_City], [AddressPostalCode], [fk_GeographicalRegion]) VALUES (74, '1023 Riviera Way', 'NULL', 74, 'OX1', 5);
INSERT INTO dbo.Address ([pk_Address], [AddressStreet], [AddressUnit], [fk_City], [AddressPostalCode], [fk_GeographicalRegion]) VALUES (75, '1025 Yosemite Dr.', 'NULL', 42, '4810', 3);
INSERT INTO dbo.Address ([pk_Address], [AddressStreet], [AddressUnit], [fk_City], [AddressPostalCode], [fk_GeographicalRegion]) VALUES (76, '1026 Mt. Wilson Pl.', 'NULL', 76, '98036', 12);
INSERT INTO dbo.Address ([pk_Address], [AddressStreet], [AddressUnit], [fk_City], [AddressPostalCode], [fk_GeographicalRegion]) VALUES (77, '1026 Mt. Wilson Pl.', 'NULL', 77, '3205', 77);
INSERT INTO dbo.Address ([pk_Address], [AddressStreet], [AddressUnit], [fk_City], [AddressPostalCode], [fk_GeographicalRegion]) VALUES (78, '1028 Indigo Ct.', 'NULL', 78, '98027', 12);
INSERT INTO dbo.Address ([pk_Address], [AddressStreet], [AddressUnit], [fk_City], [AddressPostalCode], [fk_GeographicalRegion]) VALUES (79, '1028 Indigo Ct.', 'NULL', 79, '3280', 77);
INSERT INTO dbo.Address ([pk_Address], [AddressStreet], [AddressUnit], [fk_City], [AddressPostalCode], [fk_GeographicalRegion]) VALUES (80, '1028 Royal Oak Rd.', 'NULL', 80, '94010', 6);
INSERT INTO dbo.Address ([pk_Address], [AddressStreet], [AddressUnit], [fk_City], [AddressPostalCode], [fk_GeographicalRegion]) VALUES (81, '1029 Birchwood Dr', 'NULL', 21, '98168', 12);
INSERT INTO dbo.Address ([pk_Address], [AddressStreet], [AddressUnit], [fk_City], [AddressPostalCode], [fk_GeographicalRegion]) VALUES (82, '1029 Birchwood Dr', 'NULL', 82, '98501', 12);
INSERT INTO dbo.Address ([pk_Address], [AddressStreet], [AddressUnit], [fk_City], [AddressPostalCode], [fk_GeographicalRegion]) VALUES (83, '1030 Ambush Dr.', 'NULL', 83, 'PE17', 5);
INSERT INTO dbo.Address ([pk_Address], [AddressStreet], [AddressUnit], [fk_City], [AddressPostalCode], [fk_GeographicalRegion]) VALUES (84, '1032 Buena Vista', 'NULL', 84, '2113', 8);
INSERT INTO dbo.Address ([pk_Address], [AddressStreet], [AddressUnit], [fk_City], [AddressPostalCode], [fk_GeographicalRegion]) VALUES (85, '1032 Coats Road', 'NULL', 34, 'AS23', 5);
INSERT INTO dbo.Address ([pk_Address], [AddressStreet], [AddressUnit], [fk_City], [AddressPostalCode], [fk_GeographicalRegion]) VALUES (86, '1035 Arguello Blvd.', 'NULL', 86, '92102', 6);
INSERT INTO dbo.Address ([pk_Address], [AddressStreet], [AddressUnit], [fk_City], [AddressPostalCode], [fk_GeographicalRegion]) VALUES (87, '1036 Mason Dr', 'NULL', 87, '98366', 12);
INSERT INTO dbo.Address ([pk_Address], [AddressStreet], [AddressUnit], [fk_City], [AddressPostalCode], [fk_GeographicalRegion]) VALUES (88, '1039 Adelaide St.', 'NULL', 47, '2444', 8);
INSERT INTO dbo.Address ([pk_Address], [AddressStreet], [AddressUnit], [fk_City], [AddressPostalCode], [fk_GeographicalRegion]) VALUES (89, '104 Hilltop Dr.', 'NULL', 89, '94519', 6);
INSERT INTO dbo.Address ([pk_Address], [AddressStreet], [AddressUnit], [fk_City], [AddressPostalCode], [fk_GeographicalRegion]) VALUES (90, '1040 Greenbush Drive', 'NULL', 90, 'V2L3W8', 2);
INSERT INTO dbo.Address ([pk_Address], [AddressStreet], [AddressUnit], [fk_City], [AddressPostalCode], [fk_GeographicalRegion]) VALUES (91, '1040 Northridge Road', 'NULL', 65, '91364', 6);
INSERT INTO dbo.Address ([pk_Address], [AddressStreet], [AddressUnit], [fk_City], [AddressPostalCode], [fk_GeographicalRegion]) VALUES (92, '1042 Hooftrail Way', 'NULL', 92, '2300', 8);
INSERT INTO dbo.Address ([pk_Address], [AddressStreet], [AddressUnit], [fk_City], [AddressPostalCode], [fk_GeographicalRegion]) VALUES (93, '1046 Cloverleaf Circle', 'NULL', 93, 'V8Z 4N5', 2);
INSERT INTO dbo.Address ([pk_Address], [AddressStreet], [AddressUnit], [fk_City], [AddressPostalCode], [fk_GeographicalRegion]) VALUES (94, '1046 San Carlos AVenue', 'NULL', 28, '94014', 6);
INSERT INTO dbo.Address ([pk_Address], [AddressStreet], [AddressUnit], [fk_City], [AddressPostalCode], [fk_GeographicalRegion]) VALUES (95, '1047 Las Quebradas Lane', 'NULL', 95, 'V8P', 2);
INSERT INTO dbo.Address ([pk_Address], [AddressStreet], [AddressUnit], [fk_City], [AddressPostalCode], [fk_GeographicalRegion]) VALUES (96, '1048 Burwood Way', 'NULL', 2, 'V2W 1W2', 2);
INSERT INTO dbo.Address ([pk_Address], [AddressStreet], [AddressUnit], [fk_City], [AddressPostalCode], [fk_GeographicalRegion]) VALUES (97, '105 Woodruff Ln.', 'NULL', 97, '94611', 6);
INSERT INTO dbo.Address ([pk_Address], [AddressStreet], [AddressUnit], [fk_City], [AddressPostalCode], [fk_GeographicalRegion]) VALUES (98, '1050 Creed Ave', 'NULL', 1, '97355', 1);
INSERT INTO dbo.Address ([pk_Address], [AddressStreet], [AddressUnit], [fk_City], [AddressPostalCode], [fk_GeographicalRegion]) VALUES (99, '1050 Greenhills Circle', 'NULL', 99, '1597', 8);
INSERT INTO dbo.Address ([pk_Address], [AddressStreet], [AddressUnit], [fk_City], [AddressPostalCode], [fk_GeographicalRegion]) VALUES (100, '1050 Greenhills Circle', 'NULL', 55, 'V3A 4R2', 2);
INSERT INTO dbo.Address ([pk_Address], [AddressStreet], [AddressUnit], [fk_City], [AddressPostalCode], [fk_GeographicalRegion]) VALUES (101, 'NULL', 'NULL', 101, 'NULL', 101);
INSERT INTO dbo.Address ([pk_Address], [AddressStreet], [AddressUnit], [fk_City], [AddressPostalCode], [fk_GeographicalRegion]) VALUES (102, 'NULL', 'NULL', 14, 'NULL', 14);
INSERT INTO dbo.Address ([pk_Address], [AddressStreet], [AddressUnit], [fk_City], [AddressPostalCode], [fk_GeographicalRegion]) VALUES (103, 'NULL', 'NULL', 103, 'NULL', 103);
INSERT INTO dbo.Address ([pk_Address], [AddressStreet], [AddressUnit], [fk_City], [AddressPostalCode], [fk_GeographicalRegion]) VALUES (104, 'NULL', 'NULL', 104, 'NULL', 104);
INSERT INTO dbo.Address ([pk_Address], [AddressStreet], [AddressUnit], [fk_City], [AddressPostalCode], [fk_GeographicalRegion]) VALUES (105, 'NULL', 'NULL', 105, 'NULL', 105);
INSERT INTO dbo.Address ([pk_Address], [AddressStreet], [AddressUnit], [fk_City], [AddressPostalCode], [fk_GeographicalRegion]) VALUES (106, 'NULL', 'NULL', 106, 'NULL', 106);
INSERT INTO dbo.Address ([pk_Address], [AddressStreet], [AddressUnit], [fk_City], [AddressPostalCode], [fk_GeographicalRegion]) VALUES (107, 'NULL', 'NULL', 107, 'NULL', 107);
INSERT INTO dbo.Address ([pk_Address], [AddressStreet], [AddressUnit], [fk_City], [AddressPostalCode], [fk_GeographicalRegion]) VALUES (108, 'NULL', 'NULL', 108, 'NULL', 108);

COMMIT;
SET IDENTITY_INSERT dbo.Address OFF


-- -----------------------------------------------------
-- Data for table dbo.Person
-- -----------------------------------------------------

SET IDENTITY_INSERT dbo.Person ON

BEGIN TRANSACTION;

INSERT INTO dbo.Person ([pk_Person], [PersonFirstName], [PersonLastName], [fk_Address]) VALUES (1, 'Amanda', 'Long', 1);
INSERT INTO dbo.Person ([pk_Person], [PersonFirstName], [PersonLastName], [fk_Address]) VALUES (2, 'Christian', 'Shan', 2);
INSERT INTO dbo.Person ([pk_Person], [PersonFirstName], [PersonLastName], [fk_Address]) VALUES (3, 'Troy', 'Sara', 3);
INSERT INTO dbo.Person ([pk_Person], [PersonFirstName], [PersonLastName], [fk_Address]) VALUES (4, 'Kaitlyn', 'Baker', 4);
INSERT INTO dbo.Person ([pk_Person], [PersonFirstName], [PersonLastName], [fk_Address]) VALUES (5, 'Suzanne', 'Ma', 5);
INSERT INTO dbo.Person ([pk_Person], [PersonFirstName], [PersonLastName], [fk_Address]) VALUES (6, 'Anna', 'Jones', 6);
INSERT INTO dbo.Person ([pk_Person], [PersonFirstName], [PersonLastName], [fk_Address]) VALUES (7, 'Carlos', 'Baker', 7);
INSERT INTO dbo.Person ([pk_Person], [PersonFirstName], [PersonLastName], [fk_Address]) VALUES (8, 'Tanya', 'Munoz', 8);
INSERT INTO dbo.Person ([pk_Person], [PersonFirstName], [PersonLastName], [fk_Address]) VALUES (9, 'Tabitha', 'Gill', 9);
INSERT INTO dbo.Person ([pk_Person], [PersonFirstName], [PersonLastName], [fk_Address]) VALUES (10, 'Alexis', 'Lee', 10);
INSERT INTO dbo.Person ([pk_Person], [PersonFirstName], [PersonLastName], [fk_Address]) VALUES (11, 'Erick', 'Suri', 11);
INSERT INTO dbo.Person ([pk_Person], [PersonFirstName], [PersonLastName], [fk_Address]) VALUES (12, 'Marcus', 'Evans', 12);
INSERT INTO dbo.Person ([pk_Person], [PersonFirstName], [PersonLastName], [fk_Address]) VALUES (13, 'Marcus', 'Clark', 13);
INSERT INTO dbo.Person ([pk_Person], [PersonFirstName], [PersonLastName], [fk_Address]) VALUES (14, 'Gilbert', 'Xu', 14);
INSERT INTO dbo.Person ([pk_Person], [PersonFirstName], [PersonLastName], [fk_Address]) VALUES (15, 'Paula', 'Rubio', 15);
INSERT INTO dbo.Person ([pk_Person], [PersonFirstName], [PersonLastName], [fk_Address]) VALUES (16, 'Julian', 'Isla', 16);
INSERT INTO dbo.Person ([pk_Person], [PersonFirstName], [PersonLastName], [fk_Address]) VALUES (17, 'Jesse', 'Scott', 17);
INSERT INTO dbo.Person ([pk_Person], [PersonFirstName], [PersonLastName], [fk_Address]) VALUES (18, 'Naomi', 'Sanz', 18);
INSERT INTO dbo.Person ([pk_Person], [PersonFirstName], [PersonLastName], [fk_Address]) VALUES (19, 'Isabella', 'Lee', 19);
INSERT INTO dbo.Person ([pk_Person], [PersonFirstName], [PersonLastName], [fk_Address]) VALUES (20, 'Dawn', 'Yuan', 20);
INSERT INTO dbo.Person ([pk_Person], [PersonFirstName], [PersonLastName], [fk_Address]) VALUES (21, 'Olivia', 'Blue', 21);
INSERT INTO dbo.Person ([pk_Person], [PersonFirstName], [PersonLastName], [fk_Address]) VALUES (22, 'Emmanuel', 'Lopez', 22);
INSERT INTO dbo.Person ([pk_Person], [PersonFirstName], [PersonLastName], [fk_Address]) VALUES (23, 'Nathan', 'Yang', 23);
INSERT INTO dbo.Person ([pk_Person], [PersonFirstName], [PersonLastName], [fk_Address]) VALUES (24, 'Gabrielle', 'Wood', 24);
INSERT INTO dbo.Person ([pk_Person], [PersonFirstName], [PersonLastName], [fk_Address]) VALUES (25, 'Katrina', 'Anand', 25);
INSERT INTO dbo.Person ([pk_Person], [PersonFirstName], [PersonLastName], [fk_Address]) VALUES (26, 'Anthony', 'Jones', 26);
INSERT INTO dbo.Person ([pk_Person], [PersonFirstName], [PersonLastName], [fk_Address]) VALUES (27, 'Natalie', 'Reed', 27);
INSERT INTO dbo.Person ([pk_Person], [PersonFirstName], [PersonLastName], [fk_Address]) VALUES (28, 'Dakota', 'Ross', 28);
INSERT INTO dbo.Person ([pk_Person], [PersonFirstName], [PersonLastName], [fk_Address]) VALUES (29, 'Shawn', 'Goel', 29);
INSERT INTO dbo.Person ([pk_Person], [PersonFirstName], [PersonLastName], [fk_Address]) VALUES (30, 'Nicole', 'Diaz', 30);
INSERT INTO dbo.Person ([pk_Person], [PersonFirstName], [PersonLastName], [fk_Address]) VALUES (31, 'Wyatt', 'Davis', 31);
INSERT INTO dbo.Person ([pk_Person], [PersonFirstName], [PersonLastName], [fk_Address]) VALUES (32, 'Christy', 'Huang', 32);
INSERT INTO dbo.Person ([pk_Person], [PersonFirstName], [PersonLastName], [fk_Address]) VALUES (33, 'Sydney', 'Evans', 33);
INSERT INTO dbo.Person ([pk_Person], [PersonFirstName], [PersonLastName], [fk_Address]) VALUES (34, 'Katherine', 'Baker', 34);
INSERT INTO dbo.Person ([pk_Person], [PersonFirstName], [PersonLastName], [fk_Address]) VALUES (35, 'Edward', 'Wood', 35);
INSERT INTO dbo.Person ([pk_Person], [PersonFirstName], [PersonLastName], [fk_Address]) VALUES (36, 'Johnny', 'Rai', 36);
INSERT INTO dbo.Person ([pk_Person], [PersonFirstName], [PersonLastName], [fk_Address]) VALUES (37, 'Emily', 'Moore', 37);
INSERT INTO dbo.Person ([pk_Person], [PersonFirstName], [PersonLastName], [fk_Address]) VALUES (38, 'Randy', 'Yang', 38);
INSERT INTO dbo.Person ([pk_Person], [PersonFirstName], [PersonLastName], [fk_Address]) VALUES (39, 'Roy', 'Ruiz', 39);
INSERT INTO dbo.Person ([pk_Person], [PersonFirstName], [PersonLastName], [fk_Address]) VALUES (40, 'Marshall', 'Sun', 40);
INSERT INTO dbo.Person ([pk_Person], [PersonFirstName], [PersonLastName], [fk_Address]) VALUES (41, 'Gabriella', 'Perez', 41);
INSERT INTO dbo.Person ([pk_Person], [PersonFirstName], [PersonLastName], [fk_Address]) VALUES (42, 'Erika', 'Gill', 42);
INSERT INTO dbo.Person ([pk_Person], [PersonFirstName], [PersonLastName], [fk_Address]) VALUES (43, 'Kathryn', 'Shen', 43);
INSERT INTO dbo.Person ([pk_Person], [PersonFirstName], [PersonLastName], [fk_Address]) VALUES (44, 'Sharon', 'Yuan', 44);
INSERT INTO dbo.Person ([pk_Person], [PersonFirstName], [PersonLastName], [fk_Address]) VALUES (45, 'Victoria', 'Lee', 45);
INSERT INTO dbo.Person ([pk_Person], [PersonFirstName], [PersonLastName], [fk_Address]) VALUES (46, 'Brenda', 'Arun', 46);
INSERT INTO dbo.Person ([pk_Person], [PersonFirstName], [PersonLastName], [fk_Address]) VALUES (47, 'Alex', 'Scott', 47);
INSERT INTO dbo.Person ([pk_Person], [PersonFirstName], [PersonLastName], [fk_Address]) VALUES (48, 'Yolanda', 'Luo', 48);
INSERT INTO dbo.Person ([pk_Person], [PersonFirstName], [PersonLastName], [fk_Address]) VALUES (49, 'Martin', 'Vance', 49);
INSERT INTO dbo.Person ([pk_Person], [PersonFirstName], [PersonLastName], [fk_Address]) VALUES (50, 'Jeremy', 'Roberts', 50);
INSERT INTO dbo.Person ([pk_Person], [PersonFirstName], [PersonLastName], [fk_Address]) VALUES (51, 'Amanda', 'Ramirez', 51);
INSERT INTO dbo.Person ([pk_Person], [PersonFirstName], [PersonLastName], [fk_Address]) VALUES (52, 'Jada', 'Nelson', 52);
INSERT INTO dbo.Person ([pk_Person], [PersonFirstName], [PersonLastName], [fk_Address]) VALUES (53, 'Hunter', 'Wright', 53);
INSERT INTO dbo.Person ([pk_Person], [PersonFirstName], [PersonLastName], [fk_Address]) VALUES (54, 'Sierra', 'Wright', 54);
INSERT INTO dbo.Person ([pk_Person], [PersonFirstName], [PersonLastName], [fk_Address]) VALUES (55, 'Sarah', 'Simmons', 55);
INSERT INTO dbo.Person ([pk_Person], [PersonFirstName], [PersonLastName], [fk_Address]) VALUES (56, 'Mandar', 'Samant', 56);
INSERT INTO dbo.Person ([pk_Person], [PersonFirstName], [PersonLastName], [fk_Address]) VALUES (57, 'Isaiah', 'Rogers', 57);
INSERT INTO dbo.Person ([pk_Person], [PersonFirstName], [PersonLastName], [fk_Address]) VALUES (58, 'Ian', 'Foster', 58);
INSERT INTO dbo.Person ([pk_Person], [PersonFirstName], [PersonLastName], [fk_Address]) VALUES (59, 'Ben', 'Miller', 59);
INSERT INTO dbo.Person ([pk_Person], [PersonFirstName], [PersonLastName], [fk_Address]) VALUES (60, 'Sarah', 'Barnes', 60);
INSERT INTO dbo.Person ([pk_Person], [PersonFirstName], [PersonLastName], [fk_Address]) VALUES (61, 'Casey', 'Martin', 61);
INSERT INTO dbo.Person ([pk_Person], [PersonFirstName], [PersonLastName], [fk_Address]) VALUES (62, 'Victoria', 'Murphy', 62);
INSERT INTO dbo.Person ([pk_Person], [PersonFirstName], [PersonLastName], [fk_Address]) VALUES (63, 'Sydney', 'Rogers', 63);
INSERT INTO dbo.Person ([pk_Person], [PersonFirstName], [PersonLastName], [fk_Address]) VALUES (64, 'Marvin', 'Hernandez', 64);
INSERT INTO dbo.Person ([pk_Person], [PersonFirstName], [PersonLastName], [fk_Address]) VALUES (65, 'Carlos', 'Carter', 65);
INSERT INTO dbo.Person ([pk_Person], [PersonFirstName], [PersonLastName], [fk_Address]) VALUES (66, 'Rebekah', 'Garcia', 66);
INSERT INTO dbo.Person ([pk_Person], [PersonFirstName], [PersonLastName], [fk_Address]) VALUES (67, 'Haley', 'Henderson', 67);
INSERT INTO dbo.Person ([pk_Person], [PersonFirstName], [PersonLastName], [fk_Address]) VALUES (68, 'Jacob', 'Taylor', 68);
INSERT INTO dbo.Person ([pk_Person], [PersonFirstName], [PersonLastName], [fk_Address]) VALUES (69, 'Seth', 'Martin', 69);
INSERT INTO dbo.Person ([pk_Person], [PersonFirstName], [PersonLastName], [fk_Address]) VALUES (70, 'Larry', 'Suarez', 70);
INSERT INTO dbo.Person ([pk_Person], [PersonFirstName], [PersonLastName], [fk_Address]) VALUES (71, 'Garrett', 'Vargas', 71);
INSERT INTO dbo.Person ([pk_Person], [PersonFirstName], [PersonLastName], [fk_Address]) VALUES (72, 'Abby', 'Martinez', 72);
INSERT INTO dbo.Person ([pk_Person], [PersonFirstName], [PersonLastName], [fk_Address]) VALUES (73, 'Justin', 'Thomas', 73);
INSERT INTO dbo.Person ([pk_Person], [PersonFirstName], [PersonLastName], [fk_Address]) VALUES (74, 'Evelyn', 'Martinez', 74);
INSERT INTO dbo.Person ([pk_Person], [PersonFirstName], [PersonLastName], [fk_Address]) VALUES (75, 'Pamela', 'Chapman', 75);
INSERT INTO dbo.Person ([pk_Person], [PersonFirstName], [PersonLastName], [fk_Address]) VALUES (76, 'Kayla', 'Griffin', 76);
INSERT INTO dbo.Person ([pk_Person], [PersonFirstName], [PersonLastName], [fk_Address]) VALUES (77, 'Jill', 'Navarro', 77);
INSERT INTO dbo.Person ([pk_Person], [PersonFirstName], [PersonLastName], [fk_Address]) VALUES (78, 'Nathan', 'Walker', 78);
INSERT INTO dbo.Person ([pk_Person], [PersonFirstName], [PersonLastName], [fk_Address]) VALUES (79, 'Tabitha', 'Moreno', 79);
INSERT INTO dbo.Person ([pk_Person], [PersonFirstName], [PersonLastName], [fk_Address]) VALUES (80, 'Mason', 'Sanchez', 80);
INSERT INTO dbo.Person ([pk_Person], [PersonFirstName], [PersonLastName], [fk_Address]) VALUES (81, 'Natasha', 'Navarro', 81);
INSERT INTO dbo.Person ([pk_Person], [PersonFirstName], [PersonLastName], [fk_Address]) VALUES (82, 'Kevin', 'Russell', 82);
INSERT INTO dbo.Person ([pk_Person], [PersonFirstName], [PersonLastName], [fk_Address]) VALUES (83, 'Katelyn', 'Rivera', 83);
INSERT INTO dbo.Person ([pk_Person], [PersonFirstName], [PersonLastName], [fk_Address]) VALUES (84, 'Alfredo', 'Ortega', 84);
INSERT INTO dbo.Person ([pk_Person], [PersonFirstName], [PersonLastName], [fk_Address]) VALUES (85, 'Andrea', 'Campbell', 85);
INSERT INTO dbo.Person ([pk_Person], [PersonFirstName], [PersonLastName], [fk_Address]) VALUES (86, 'Jeremy', 'Peterson', 86);
INSERT INTO dbo.Person ([pk_Person], [PersonFirstName], [PersonLastName], [fk_Address]) VALUES (87, 'Arianna', 'Ramirez', 87);
INSERT INTO dbo.Person ([pk_Person], [PersonFirstName], [PersonLastName], [fk_Address]) VALUES (88, 'Mario', 'Sharma', 88);
INSERT INTO dbo.Person ([pk_Person], [PersonFirstName], [PersonLastName], [fk_Address]) VALUES (89, 'Adam', 'Collins', 89);
INSERT INTO dbo.Person ([pk_Person], [PersonFirstName], [PersonLastName], [fk_Address]) VALUES (90, 'Taylor', 'Martin', 90);
INSERT INTO dbo.Person ([pk_Person], [PersonFirstName], [PersonLastName], [fk_Address]) VALUES (91, 'Gabriel', 'Collins', 91);
INSERT INTO dbo.Person ([pk_Person], [PersonFirstName], [PersonLastName], [fk_Address]) VALUES (92, 'Randall', 'Martin', 92);
INSERT INTO dbo.Person ([pk_Person], [PersonFirstName], [PersonLastName], [fk_Address]) VALUES (93, 'Samantha', 'Jenkins', 93);
INSERT INTO dbo.Person ([pk_Person], [PersonFirstName], [PersonLastName], [fk_Address]) VALUES (94, 'Justin', 'Simmons', 94);
INSERT INTO dbo.Person ([pk_Person], [PersonFirstName], [PersonLastName], [fk_Address]) VALUES (95, 'Ethan', 'Winston', 95);
INSERT INTO dbo.Person ([pk_Person], [PersonFirstName], [PersonLastName], [fk_Address]) VALUES (96, 'Hunter', 'Roberts', 96);
INSERT INTO dbo.Person ([pk_Person], [PersonFirstName], [PersonLastName], [fk_Address]) VALUES (97, 'Nathaniel', 'Murphy', 97);
INSERT INTO dbo.Person ([pk_Person], [PersonFirstName], [PersonLastName], [fk_Address]) VALUES (98, 'Charles', 'Wilson', 98);
INSERT INTO dbo.Person ([pk_Person], [PersonFirstName], [PersonLastName], [fk_Address]) VALUES (99, 'Carrie', 'Alvarez', 99);
INSERT INTO dbo.Person ([pk_Person], [PersonFirstName], [PersonLastName], [fk_Address]) VALUES (100, 'Paige', 'Alexander', 100);
INSERT INTO dbo.Person ([pk_Person], [PersonFirstName], [PersonLastName], [fk_Address]) VALUES (201, 'VMWare', 'Representative', NULL);
INSERT INTO dbo.Person ([pk_Person], [PersonFirstName], [PersonLastName], [fk_Address]) VALUES (202, 'Verizon Digital Media Services', 'Representative', NULL);
INSERT INTO dbo.Person ([pk_Person], [PersonFirstName], [PersonLastName], [fk_Address]) VALUES (203, 'Microsoft Corporation (GAP) (GAP Sponsor)', 'Representative', NULL);
INSERT INTO dbo.Person ([pk_Person], [PersonFirstName], [PersonLastName], [fk_Address]) VALUES (204, 'Tintri', 'Representative', NULL);
INSERT INTO dbo.Person ([pk_Person], [PersonFirstName], [PersonLastName], [fk_Address]) VALUES (205, 'Amazon Web Services, LLC', 'Representative', NULL);
INSERT INTO dbo.Person ([pk_Person], [PersonFirstName], [PersonLastName], [fk_Address]) VALUES (206, 'Pyramid Analytics (GAP Sponsor)', 'Representative', NULL);
INSERT INTO dbo.Person ([pk_Person], [PersonFirstName], [PersonLastName], [fk_Address]) VALUES (207, 'Pure Storage', 'Representative', NULL);
INSERT INTO dbo.Person ([pk_Person], [PersonFirstName], [PersonLastName], [fk_Address]) VALUES (208, 'Profisee', 'Representative', NULL);
INSERT INTO dbo.Person ([pk_Person], [PersonFirstName], [PersonLastName], [fk_Address]) VALUES (209, 'NetLib Security', 'Representative', NULL);
INSERT INTO dbo.Person ([pk_Person], [PersonFirstName], [PersonLastName], [fk_Address]) VALUES (210, 'Melissa Data Corp.', 'Representative', NULL);
INSERT INTO dbo.Person ([pk_Person], [PersonFirstName], [PersonLastName], [fk_Address]) VALUES (211, 'Red Gate Software', 'Representative', NULL);
INSERT INTO dbo.Person ([pk_Person], [PersonFirstName], [PersonLastName], [fk_Address]) VALUES (212, 'SentryOne', 'Representative', NULL);
INSERT INTO dbo.Person ([pk_Person], [PersonFirstName], [PersonLastName], [fk_Address]) VALUES (213, 'Hush Hush', 'Representative', NULL);
INSERT INTO dbo.Person ([pk_Person], [PersonFirstName], [PersonLastName], [fk_Address]) VALUES (214, 'COZYROC', 'Representative', NULL);
INSERT INTO dbo.Person ([pk_Person], [PersonFirstName], [PersonLastName], [fk_Address]) VALUES (215, 'SQLDocKit by Acceleratio Ltd.', 'Representative', NULL);
INSERT INTO dbo.Person ([pk_Person], [PersonFirstName], [PersonLastName], [fk_Address]) VALUES (231, 'SQLSaturday', '364', NULL);
INSERT INTO dbo.Person ([pk_Person], [PersonFirstName], [PersonLastName], [fk_Address]) VALUES (237, 'Chris', 'Bell', NULL);
INSERT INTO dbo.Person ([pk_Person], [PersonFirstName], [PersonLastName], [fk_Address]) VALUES (241, 'Gigi', 'Bell', NULL);
INSERT INTO dbo.Person ([pk_Person], [PersonFirstName], [PersonLastName], [fk_Address]) VALUES (242, 'Carl', 'Berglund', NULL);
INSERT INTO dbo.Person ([pk_Person], [PersonFirstName], [PersonLastName], [fk_Address]) VALUES (243, 'David', 'Bermingham', NULL);
INSERT INTO dbo.Person ([pk_Person], [PersonFirstName], [PersonLastName], [fk_Address]) VALUES (245, 'Aaron', 'Bertrand', NULL);
INSERT INTO dbo.Person ([pk_Person], [PersonFirstName], [PersonLastName], [fk_Address]) VALUES (247, 'Jason', 'Brimhall', NULL);
INSERT INTO dbo.Person ([pk_Person], [PersonFirstName], [PersonLastName], [fk_Address]) VALUES (251, 'Joe', 'Chang', NULL);
INSERT INTO dbo.Person ([pk_Person], [PersonFirstName], [PersonLastName], [fk_Address]) VALUES (253, 'Todd', 'Chittenden', NULL);
INSERT INTO dbo.Person ([pk_Person], [PersonFirstName], [PersonLastName], [fk_Address]) VALUES (254, 'Jack', 'Corbett', NULL);
INSERT INTO dbo.Person ([pk_Person], [PersonFirstName], [PersonLastName], [fk_Address]) VALUES (256, 'Michael', 'Corey', NULL);
INSERT INTO dbo.Person ([pk_Person], [PersonFirstName], [PersonLastName], [fk_Address]) VALUES (257, 'Hilary', 'Cotter', NULL);
INSERT INTO dbo.Person ([pk_Person], [PersonFirstName], [PersonLastName], [fk_Address]) VALUES (261, 'Joseph', 'D''Antoni', NULL);
INSERT INTO dbo.Person (pk_Person, PersonFirstName, PersonLastName, fk_Address) VALUES (262, 'John', 'Flannery', NULL);
INSERT INTO dbo.Person (pk_Person, PersonFirstName, PersonLastName, fk_Address) VALUES (266, 'Stéphane', 'Fréchette', NULL);
INSERT INTO dbo.Person (pk_Person, PersonFirstName, PersonLastName, fk_Address) VALUES (268, 'Grant', 'Fritchey', NULL);
INSERT INTO dbo.Person (pk_Person, PersonFirstName, PersonLastName, fk_Address) VALUES (270, 'Kevin', 'Goff', NULL);
INSERT INTO dbo.Person (pk_Person, PersonFirstName, PersonLastName, fk_Address) VALUES (279, 'Thomas', 'Grohser', NULL);
INSERT INTO dbo.Person (pk_Person, PersonFirstName, PersonLastName, fk_Address) VALUES (283, 'Mike', 'Hillwig', NULL);
INSERT INTO dbo.Person (pk_Person, PersonFirstName, PersonLastName, fk_Address) VALUES (284, 'Allan', 'Hirt', NULL);
INSERT INTO dbo.Person (pk_Person, PersonFirstName, PersonLastName, fk_Address) VALUES (289, 'Allan', 'Hirt and SIOS Technology', NULL);
INSERT INTO dbo.Person (pk_Person, PersonFirstName, PersonLastName, fk_Address) VALUES (290, 'Jason', 'Horner', NULL);
INSERT INTO dbo.Person (pk_Person, PersonFirstName, PersonLastName, fk_Address) VALUES (293, 'Adam', 'Jorgensen', NULL);
INSERT INTO dbo.Person (pk_Person, PersonFirstName, PersonLastName, fk_Address) VALUES (294, 'Sunil', 'Kadimdiwan', NULL);
INSERT INTO dbo.Person (pk_Person, PersonFirstName, PersonLastName, fk_Address) VALUES (295, 'Brandon', 'Leach', NULL);
INSERT INTO dbo.Person (pk_Person, PersonFirstName, PersonLastName, fk_Address) VALUES (298, 'Andy', 'Leonard', NULL);
INSERT INTO dbo.Person (pk_Person, PersonFirstName, PersonLastName, fk_Address) VALUES (300, 'Dennis', 'Messina', NULL);
INSERT INTO dbo.Person (pk_Person, PersonFirstName, PersonLastName, fk_Address) VALUES (301, 'John', 'Miner', NULL);
INSERT INTO dbo.Person (pk_Person, PersonFirstName, PersonLastName, fk_Address) VALUES (306, 'Stacia', 'Misner', NULL);
INSERT INTO dbo.Person (pk_Person, PersonFirstName, PersonLastName, fk_Address) VALUES (310, 'Greg', 'Moore', NULL);
INSERT INTO dbo.Person (pk_Person, PersonFirstName, PersonLastName, fk_Address) VALUES (311, 'Paresh', 'Motiwala', NULL);
INSERT INTO dbo.Person (pk_Person, PersonFirstName, PersonLastName, fk_Address) VALUES (313, 'Brent', 'Ozar', NULL);
INSERT INTO dbo.Person (pk_Person, PersonFirstName, PersonLastName, fk_Address) VALUES (316, 'Varsham', 'Papikian', NULL);
INSERT INTO dbo.Person (pk_Person, PersonFirstName, PersonLastName, fk_Address) VALUES (317, 'Robert', 'Pearl', NULL);
INSERT INTO dbo.Person (pk_Person, PersonFirstName, PersonLastName, fk_Address) VALUES (319, 'Jeremiah', 'Peschka', NULL);
INSERT INTO dbo.Person (pk_Person, PersonFirstName, PersonLastName, fk_Address) VALUES (321, 'David', 'Peter Hansen', NULL);
INSERT INTO dbo.Person (pk_Person, PersonFirstName, PersonLastName, fk_Address) VALUES (324, 'Edward', 'Pollack', NULL);
INSERT INTO dbo.Person (pk_Person, PersonFirstName, PersonLastName, fk_Address) VALUES (328, 'Kennie', 'Pontoppidan', NULL);
INSERT INTO dbo.Person (pk_Person, PersonFirstName, PersonLastName, fk_Address) VALUES (331, 'Melissa', 'Riley', NULL);
INSERT INTO dbo.Person (pk_Person, PersonFirstName, PersonLastName, fk_Address) VALUES (332, 'Paul', 'Rizza', NULL);
INSERT INTO dbo.Person (pk_Person, PersonFirstName, PersonLastName, fk_Address) VALUES (335, 'Richie', 'Rump', NULL);
INSERT INTO dbo.Person (pk_Person, PersonFirstName, PersonLastName, fk_Address) VALUES (336, 'Sayed', 'Saeed', NULL);
INSERT INTO dbo.Person (pk_Person, PersonFirstName, PersonLastName, fk_Address) VALUES (337, 'Kevin', 'Schenega', NULL);
INSERT INTO dbo.Person (pk_Person, PersonFirstName, PersonLastName, fk_Address) VALUES (338, 'Chris', 'Seferlis', NULL);
INSERT INTO dbo.Person (pk_Person, PersonFirstName, PersonLastName, fk_Address) VALUES (339, 'James', 'Serra', NULL);
INSERT INTO dbo.Person (pk_Person, PersonFirstName, PersonLastName, fk_Address) VALUES (347, 'Steve', 'Simon', NULL);
INSERT INTO dbo.Person (pk_Person, PersonFirstName, PersonLastName, fk_Address) VALUES (367, 'John', 'Sterrett', NULL);
INSERT INTO dbo.Person (pk_Person, PersonFirstName, PersonLastName, fk_Address) VALUES (370, 'Mickey', 'Stuewe', NULL);
INSERT INTO dbo.Person (pk_Person, PersonFirstName, PersonLastName, fk_Address) VALUES (372, 'Mike', 'Walsh', NULL);
INSERT INTO dbo.Person (pk_Person, PersonFirstName, PersonLastName, fk_Address) VALUES (375, 'George', 'Walters', NULL);
INSERT INTO dbo.Person (pk_Person, PersonFirstName, PersonLastName, fk_Address) VALUES (379, 'Michael', 'Wharton', NULL);
INSERT INTO dbo.Person (pk_Person, PersonFirstName, PersonLastName, fk_Address) VALUES (381, 'Mohammad', 'Yusuf', NULL);

COMMIT;

SET IDENTITY_INSERT dbo.Person OFF

-- -----------------------------------------------------
-- Data for table dbo.RegionServed
-- -----------------------------------------------------
SET IDENTITY_INSERT dbo.RegionServed ON

BEGIN TRANSACTION;

INSERT INTO dbo.RegionServed (pk_RegionServed, RegionServedDescription) VALUES (1, 'Europe/Middle East/Africa');
INSERT INTO dbo.RegionServed (pk_RegionServed, RegionServedDescription) VALUES (2, 'Canada/US');
INSERT INTO dbo.RegionServed (pk_RegionServed, RegionServedDescription) VALUES (3, 'Latin America');
INSERT INTO dbo.RegionServed (pk_RegionServed, RegionServedDescription) VALUES (4, 'Asia Pacific');

COMMIT;
SET IDENTITY_INSERT dbo.RegionServed OFF


-- -----------------------------------------------------
-- Data for table dbo.Venue
-- -----------------------------------------------------

SET IDENTITY_INSERT dbo.Venue ON

BEGIN TRANSACTION;

INSERT INTO dbo.Venue (pk_Venue, fk_Address, fk_RegionServed) VALUES (1, 101, 1);
INSERT INTO dbo.Venue (pk_Venue, fk_Address, fk_RegionServed) VALUES (2, 102, 2);
INSERT INTO dbo.Venue (pk_Venue, fk_Address, fk_RegionServed) VALUES (3, 103, 3);
INSERT INTO dbo.Venue (pk_Venue, fk_Address, fk_RegionServed) VALUES (4, 104, 1);
INSERT INTO dbo.Venue (pk_Venue, fk_Address, fk_RegionServed) VALUES (5, 105, 2);
INSERT INTO dbo.Venue (pk_Venue, fk_Address, fk_RegionServed) VALUES (6, 106, 4);
INSERT INTO dbo.Venue (pk_Venue, fk_Address, fk_RegionServed) VALUES (7, 107, 1);
INSERT INTO dbo.Venue (pk_Venue, fk_Address, fk_RegionServed) VALUES (8, 108, 2);

COMMIT;
SET IDENTITY_INSERT dbo.Venue OFF

-- -----------------------------------------------------
-- Data for table dbo.SQLSaturday
-- -----------------------------------------------------

SET IDENTITY_INSERT dbo.SQLSaturday ON

BEGIN TRANSACTION;

INSERT INTO dbo.SQLSaturday (pk_SQLSaturday, fk_Venue, SQLSaturdayDate) VALUES (588, 5, '2017-05-20');
INSERT INTO dbo.SQLSaturday (pk_SQLSaturday, fk_Venue, SQLSaturdayDate) VALUES (599, 7, '2017-05-27');
INSERT INTO dbo.SQLSaturday (pk_SQLSaturday, fk_Venue, SQLSaturdayDate) VALUES (608, 3, '2017-05-13');
INSERT INTO dbo.SQLSaturday (pk_SQLSaturday, fk_Venue, SQLSaturdayDate) VALUES (615, 2, '2017-05-13');
INSERT INTO dbo.SQLSaturday (pk_SQLSaturday, fk_Venue, SQLSaturdayDate) VALUES (616, 4, '2017-05-20');
INSERT INTO dbo.SQLSaturday (pk_SQLSaturday, fk_Venue, SQLSaturdayDate) VALUES (626, 1, '2017-05-06');
INSERT INTO dbo.SQLSaturday (pk_SQLSaturday, fk_Venue, SQLSaturdayDate) VALUES (630, 6, '2017-05-27');
INSERT INTO dbo.SQLSaturday (pk_SQLSaturday, fk_Venue, SQLSaturdayDate) VALUES (638, 8, '2017-06-03');

COMMIT;
SET IDENTITY_INSERT dbo.SQLSaturday OFF

-- -----------------------------------------------------
-- Data for table dbo.Attendee
-- -----------------------------------------------------
SET IDENTITY_INSERT dbo.Attendee ON

BEGIN TRANSACTION;

INSERT INTO dbo.Attendee (pk_Attendee, fk_Person) VALUES (1, 1);
INSERT INTO dbo.Attendee (pk_Attendee, fk_Person) VALUES (2, 2);
INSERT INTO dbo.Attendee (pk_Attendee, fk_Person) VALUES (3, 3);
INSERT INTO dbo.Attendee (pk_Attendee, fk_Person) VALUES (4, 4);
INSERT INTO dbo.Attendee (pk_Attendee, fk_Person) VALUES (5, 5);
INSERT INTO dbo.Attendee (pk_Attendee, fk_Person) VALUES (6, 6);
INSERT INTO dbo.Attendee (pk_Attendee, fk_Person) VALUES (7, 7);
INSERT INTO dbo.Attendee (pk_Attendee, fk_Person) VALUES (8, 8);
INSERT INTO dbo.Attendee (pk_Attendee, fk_Person) VALUES (9, 9);
INSERT INTO dbo.Attendee (pk_Attendee, fk_Person) VALUES (10, 10);
INSERT INTO dbo.Attendee (pk_Attendee, fk_Person) VALUES (11, 11);
INSERT INTO dbo.Attendee (pk_Attendee, fk_Person) VALUES (12, 12);
INSERT INTO dbo.Attendee (pk_Attendee, fk_Person) VALUES (13, 13);
INSERT INTO dbo.Attendee (pk_Attendee, fk_Person) VALUES (14, 14);
INSERT INTO dbo.Attendee (pk_Attendee, fk_Person) VALUES (15, 15);
INSERT INTO dbo.Attendee (pk_Attendee, fk_Person) VALUES (16, 16);
INSERT INTO dbo.Attendee (pk_Attendee, fk_Person) VALUES (17, 17);
INSERT INTO dbo.Attendee (pk_Attendee, fk_Person) VALUES (18, 18);
INSERT INTO dbo.Attendee (pk_Attendee, fk_Person) VALUES (19, 19);
INSERT INTO dbo.Attendee (pk_Attendee, fk_Person) VALUES (20, 20);
INSERT INTO dbo.Attendee (pk_Attendee, fk_Person) VALUES (21, 21);
INSERT INTO dbo.Attendee (pk_Attendee, fk_Person) VALUES (22, 22);
INSERT INTO dbo.Attendee (pk_Attendee, fk_Person) VALUES (23, 23);
INSERT INTO dbo.Attendee (pk_Attendee, fk_Person) VALUES (24, 24);
INSERT INTO dbo.Attendee (pk_Attendee, fk_Person) VALUES (25, 25);
INSERT INTO dbo.Attendee (pk_Attendee, fk_Person) VALUES (26, 26);
INSERT INTO dbo.Attendee (pk_Attendee, fk_Person) VALUES (27, 27);
INSERT INTO dbo.Attendee (pk_Attendee, fk_Person) VALUES (28, 28);
INSERT INTO dbo.Attendee (pk_Attendee, fk_Person) VALUES (29, 29);
INSERT INTO dbo.Attendee (pk_Attendee, fk_Person) VALUES (30, 30);
INSERT INTO dbo.Attendee (pk_Attendee, fk_Person) VALUES (31, 31);
INSERT INTO dbo.Attendee (pk_Attendee, fk_Person) VALUES (32, 32);
INSERT INTO dbo.Attendee (pk_Attendee, fk_Person) VALUES (33, 33);
INSERT INTO dbo.Attendee (pk_Attendee, fk_Person) VALUES (34, 34);
INSERT INTO dbo.Attendee (pk_Attendee, fk_Person) VALUES (35, 35);
INSERT INTO dbo.Attendee (pk_Attendee, fk_Person) VALUES (36, 36);
INSERT INTO dbo.Attendee (pk_Attendee, fk_Person) VALUES (37, 37);
INSERT INTO dbo.Attendee (pk_Attendee, fk_Person) VALUES (38, 38);
INSERT INTO dbo.Attendee (pk_Attendee, fk_Person) VALUES (39, 39);
INSERT INTO dbo.Attendee (pk_Attendee, fk_Person) VALUES (40, 40);
INSERT INTO dbo.Attendee (pk_Attendee, fk_Person) VALUES (41, 41);
INSERT INTO dbo.Attendee (pk_Attendee, fk_Person) VALUES (42, 42);
INSERT INTO dbo.Attendee (pk_Attendee, fk_Person) VALUES (43, 43);
INSERT INTO dbo.Attendee (pk_Attendee, fk_Person) VALUES (44, 44);
INSERT INTO dbo.Attendee (pk_Attendee, fk_Person) VALUES (45, 45);
INSERT INTO dbo.Attendee (pk_Attendee, fk_Person) VALUES (46, 46);
INSERT INTO dbo.Attendee (pk_Attendee, fk_Person) VALUES (47, 47);
INSERT INTO dbo.Attendee (pk_Attendee, fk_Person) VALUES (48, 48);
INSERT INTO dbo.Attendee (pk_Attendee, fk_Person) VALUES (49, 49);
INSERT INTO dbo.Attendee (pk_Attendee, fk_Person) VALUES (50, 50);
INSERT INTO dbo.Attendee (pk_Attendee, fk_Person) VALUES (51, 51);
INSERT INTO dbo.Attendee (pk_Attendee, fk_Person) VALUES (52, 52);
INSERT INTO dbo.Attendee (pk_Attendee, fk_Person) VALUES (53, 53);
INSERT INTO dbo.Attendee (pk_Attendee, fk_Person) VALUES (54, 54);
INSERT INTO dbo.Attendee (pk_Attendee, fk_Person) VALUES (55, 55);
INSERT INTO dbo.Attendee (pk_Attendee, fk_Person) VALUES (56, 56);
INSERT INTO dbo.Attendee (pk_Attendee, fk_Person) VALUES (57, 57);
INSERT INTO dbo.Attendee (pk_Attendee, fk_Person) VALUES (58, 58);
INSERT INTO dbo.Attendee (pk_Attendee, fk_Person) VALUES (59, 59);
INSERT INTO dbo.Attendee (pk_Attendee, fk_Person) VALUES (60, 60);
INSERT INTO dbo.Attendee (pk_Attendee, fk_Person) VALUES (61, 61);
INSERT INTO dbo.Attendee (pk_Attendee, fk_Person) VALUES (62, 62);
INSERT INTO dbo.Attendee (pk_Attendee, fk_Person) VALUES (63, 63);
INSERT INTO dbo.Attendee (pk_Attendee, fk_Person) VALUES (64, 64);
INSERT INTO dbo.Attendee (pk_Attendee, fk_Person) VALUES (65, 65);
INSERT INTO dbo.Attendee (pk_Attendee, fk_Person) VALUES (66, 66);
INSERT INTO dbo.Attendee (pk_Attendee, fk_Person) VALUES (67, 67);
INSERT INTO dbo.Attendee (pk_Attendee, fk_Person) VALUES (68, 68);
INSERT INTO dbo.Attendee (pk_Attendee, fk_Person) VALUES (69, 69);
INSERT INTO dbo.Attendee (pk_Attendee, fk_Person) VALUES (70, 70);
INSERT INTO dbo.Attendee (pk_Attendee, fk_Person) VALUES (71, 71);
INSERT INTO dbo.Attendee (pk_Attendee, fk_Person) VALUES (72, 72);
INSERT INTO dbo.Attendee (pk_Attendee, fk_Person) VALUES (73, 73);
INSERT INTO dbo.Attendee (pk_Attendee, fk_Person) VALUES (74, 74);
INSERT INTO dbo.Attendee (pk_Attendee, fk_Person) VALUES (75, 75);
INSERT INTO dbo.Attendee (pk_Attendee, fk_Person) VALUES (76, 76);
INSERT INTO dbo.Attendee (pk_Attendee, fk_Person) VALUES (77, 77);
INSERT INTO dbo.Attendee (pk_Attendee, fk_Person) VALUES (78, 78);
INSERT INTO dbo.Attendee (pk_Attendee, fk_Person) VALUES (79, 79);
INSERT INTO dbo.Attendee (pk_Attendee, fk_Person) VALUES (80, 80);
INSERT INTO dbo.Attendee (pk_Attendee, fk_Person) VALUES (81, 81);
INSERT INTO dbo.Attendee (pk_Attendee, fk_Person) VALUES (82, 82);
INSERT INTO dbo.Attendee (pk_Attendee, fk_Person) VALUES (83, 83);
INSERT INTO dbo.Attendee (pk_Attendee, fk_Person) VALUES (84, 84);
INSERT INTO dbo.Attendee (pk_Attendee, fk_Person) VALUES (85, 85);
INSERT INTO dbo.Attendee (pk_Attendee, fk_Person) VALUES (86, 86);
INSERT INTO dbo.Attendee (pk_Attendee, fk_Person) VALUES (87, 87);
INSERT INTO dbo.Attendee (pk_Attendee, fk_Person) VALUES (88, 88);
INSERT INTO dbo.Attendee (pk_Attendee, fk_Person) VALUES (89, 89);
INSERT INTO dbo.Attendee (pk_Attendee, fk_Person) VALUES (90, 90);
INSERT INTO dbo.Attendee (pk_Attendee, fk_Person) VALUES (91, 91);
INSERT INTO dbo.Attendee (pk_Attendee, fk_Person) VALUES (92, 92);
INSERT INTO dbo.Attendee (pk_Attendee, fk_Person) VALUES (93, 93);
INSERT INTO dbo.Attendee (pk_Attendee, fk_Person) VALUES (94, 94);
INSERT INTO dbo.Attendee (pk_Attendee, fk_Person) VALUES (95, 95);
INSERT INTO dbo.Attendee (pk_Attendee, fk_Person) VALUES (96, 96);
INSERT INTO dbo.Attendee (pk_Attendee, fk_Person) VALUES (97, 97);
INSERT INTO dbo.Attendee (pk_Attendee, fk_Person) VALUES (98, 98);
INSERT INTO dbo.Attendee (pk_Attendee, fk_Person) VALUES (99, 99);
INSERT INTO dbo.Attendee (pk_Attendee, fk_Person) VALUES (100, 100);

COMMIT;
SET IDENTITY_INSERT dbo.Attendee OFF


-- -----------------------------------------------------
-- Data for table dbo.SponsorTier
-- -----------------------------------------------------

SET IDENTITY_INSERT dbo.SponsorTier ON
BEGIN TRANSACTION;

INSERT INTO dbo.SponsorTier (pk_SponsorTier, SponsorTierDescription) VALUES (1, 'Bronze ');
INSERT INTO dbo.SponsorTier (pk_SponsorTier, SponsorTierDescription) VALUES (2, 'Silver ');
INSERT INTO dbo.SponsorTier (pk_SponsorTier, SponsorTierDescription) VALUES (3, 'Gold ');
INSERT INTO dbo.SponsorTier (pk_SponsorTier, SponsorTierDescription) VALUES (4, 'Platinum ');
COMMIT;

SET IDENTITY_INSERT dbo.SponsorTier OFF


-- -----------------------------------------------------
-- Data for table dbo.Sponsor
-- -----------------------------------------------------

SET IDENTITY_INSERT dbo.Sponsor ON
BEGIN TRANSACTION;

INSERT INTO dbo.Sponsor (pk_Sponsor, fk_Person, fk_SponsorTier) VALUES (1, 201, 4);
INSERT INTO dbo.Sponsor (pk_Sponsor, fk_Person, fk_SponsorTier) VALUES (2, 202, 4);
INSERT INTO dbo.Sponsor (pk_Sponsor, fk_Person, fk_SponsorTier) VALUES (3, 203, 4);
INSERT INTO dbo.Sponsor (pk_Sponsor, fk_Person, fk_SponsorTier) VALUES (4, 204, 4);
INSERT INTO dbo.Sponsor (pk_Sponsor, fk_Person, fk_SponsorTier) VALUES (5, 205, 3);
INSERT INTO dbo.Sponsor (pk_Sponsor, fk_Person, fk_SponsorTier) VALUES (6, 206, 3);
INSERT INTO dbo.Sponsor (pk_Sponsor, fk_Person, fk_SponsorTier) VALUES (7, 207, 3);
INSERT INTO dbo.Sponsor (pk_Sponsor, fk_Person, fk_SponsorTier) VALUES (8, 208, 3);
INSERT INTO dbo.Sponsor (pk_Sponsor, fk_Person, fk_SponsorTier) VALUES (9, 209, 2);
INSERT INTO dbo.Sponsor (pk_Sponsor, fk_Person, fk_SponsorTier) VALUES (10, 210, 2);
INSERT INTO dbo.Sponsor (pk_Sponsor, fk_Person, fk_SponsorTier) VALUES (11, 211, 2);
INSERT INTO dbo.Sponsor (pk_Sponsor, fk_Person, fk_SponsorTier) VALUES (12, 212, 2);
INSERT INTO dbo.Sponsor (pk_Sponsor, fk_Person, fk_SponsorTier) VALUES (13, 213, 1);
INSERT INTO dbo.Sponsor (pk_Sponsor, fk_Person, fk_SponsorTier) VALUES (14, 214, 1);
INSERT INTO dbo.Sponsor (pk_Sponsor, fk_Person, fk_SponsorTier) VALUES (15, 215, 1);

COMMIT;

SET IDENTITY_INSERT dbo.Sponsor OFF

-- -----------------------------------------------------
-- Data for table dbo.Presenter
-- -----------------------------------------------------
SET IDENTITY_INSERT dbo.Presenter ON

BEGIN TRANSACTION;

INSERT INTO dbo.Presenter (pk_Presenter, fk_Person, fk_OrganizerNotifying) VALUES (1, 231, NULL);
INSERT INTO dbo.Presenter (pk_Presenter, fk_Person, fk_OrganizerNotifying) VALUES (2, 237, NULL);
INSERT INTO dbo.Presenter (pk_Presenter, fk_Person, fk_OrganizerNotifying) VALUES (3, 241, NULL);
INSERT INTO dbo.Presenter (pk_Presenter, fk_Person, fk_OrganizerNotifying) VALUES (4, 242, NULL);
INSERT INTO dbo.Presenter (pk_Presenter, fk_Person, fk_OrganizerNotifying) VALUES (5, 243, NULL);
INSERT INTO dbo.Presenter (pk_Presenter, fk_Person, fk_OrganizerNotifying) VALUES (6, 245, NULL);
INSERT INTO dbo.Presenter (pk_Presenter, fk_Person, fk_OrganizerNotifying) VALUES (7, 247, NULL);
INSERT INTO dbo.Presenter (pk_Presenter, fk_Person, fk_OrganizerNotifying) VALUES (8, 251, NULL);
INSERT INTO dbo.Presenter (pk_Presenter, fk_Person, fk_OrganizerNotifying) VALUES (9, 253, NULL);
INSERT INTO dbo.Presenter (pk_Presenter, fk_Person, fk_OrganizerNotifying) VALUES (10, 254, NULL);
INSERT INTO dbo.Presenter (pk_Presenter, fk_Person, fk_OrganizerNotifying) VALUES (11, 256, NULL);
INSERT INTO dbo.Presenter (pk_Presenter, fk_Person, fk_OrganizerNotifying) VALUES (12, 257, NULL);
INSERT INTO dbo.Presenter (pk_Presenter, fk_Person, fk_OrganizerNotifying) VALUES (13, 261, NULL);
INSERT INTO dbo.Presenter (pk_Presenter, fk_Person, fk_OrganizerNotifying) VALUES (14, 262, NULL);
INSERT INTO dbo.Presenter (pk_Presenter, fk_Person, fk_OrganizerNotifying) VALUES (15, 266, NULL);
INSERT INTO dbo.Presenter (pk_Presenter, fk_Person, fk_OrganizerNotifying) VALUES (16, 268, NULL);
INSERT INTO dbo.Presenter (pk_Presenter, fk_Person, fk_OrganizerNotifying) VALUES (17, 270, NULL);
INSERT INTO dbo.Presenter (pk_Presenter, fk_Person, fk_OrganizerNotifying) VALUES (18, 279, NULL);
INSERT INTO dbo.Presenter (pk_Presenter, fk_Person, fk_OrganizerNotifying) VALUES (19, 283, NULL);
INSERT INTO dbo.Presenter (pk_Presenter, fk_Person, fk_OrganizerNotifying) VALUES (20, 284, NULL);
INSERT INTO dbo.Presenter (pk_Presenter, fk_Person, fk_OrganizerNotifying) VALUES (21, 289, NULL);
INSERT INTO dbo.Presenter (pk_Presenter, fk_Person, fk_OrganizerNotifying) VALUES (22, 290, NULL);
INSERT INTO dbo.Presenter (pk_Presenter, fk_Person, fk_OrganizerNotifying) VALUES (23, 293, NULL);
INSERT INTO dbo.Presenter (pk_Presenter, fk_Person, fk_OrganizerNotifying) VALUES (24, 294, NULL);
INSERT INTO dbo.Presenter (pk_Presenter, fk_Person, fk_OrganizerNotifying) VALUES (25, 295, NULL);
INSERT INTO dbo.Presenter (pk_Presenter, fk_Person, fk_OrganizerNotifying) VALUES (26, 298, NULL);
INSERT INTO dbo.Presenter (pk_Presenter, fk_Person, fk_OrganizerNotifying) VALUES (27, 300, NULL);
INSERT INTO dbo.Presenter (pk_Presenter, fk_Person, fk_OrganizerNotifying) VALUES (28, 301, NULL);
INSERT INTO dbo.Presenter (pk_Presenter, fk_Person, fk_OrganizerNotifying) VALUES (29, 306, NULL);
INSERT INTO dbo.Presenter (pk_Presenter, fk_Person, fk_OrganizerNotifying) VALUES (30, 310, NULL);
INSERT INTO dbo.Presenter (pk_Presenter, fk_Person, fk_OrganizerNotifying) VALUES (31, 311, NULL);
INSERT INTO dbo.Presenter (pk_Presenter, fk_Person, fk_OrganizerNotifying) VALUES (32, 313, NULL);
INSERT INTO dbo.Presenter (pk_Presenter, fk_Person, fk_OrganizerNotifying) VALUES (33, 316, NULL);
INSERT INTO dbo.Presenter (pk_Presenter, fk_Person, fk_OrganizerNotifying) VALUES (34, 317, NULL);
INSERT INTO dbo.Presenter (pk_Presenter, fk_Person, fk_OrganizerNotifying) VALUES (35, 319, NULL);
INSERT INTO dbo.Presenter (pk_Presenter, fk_Person, fk_OrganizerNotifying) VALUES (36, 321, NULL);
INSERT INTO dbo.Presenter (pk_Presenter, fk_Person, fk_OrganizerNotifying) VALUES (37, 324, NULL);
INSERT INTO dbo.Presenter (pk_Presenter, fk_Person, fk_OrganizerNotifying) VALUES (38, 328, NULL);
INSERT INTO dbo.Presenter (pk_Presenter, fk_Person, fk_OrganizerNotifying) VALUES (39, 331, NULL);
INSERT INTO dbo.Presenter (pk_Presenter, fk_Person, fk_OrganizerNotifying) VALUES (40, 332, NULL);
INSERT INTO dbo.Presenter (pk_Presenter, fk_Person, fk_OrganizerNotifying) VALUES (41, 335, NULL);
INSERT INTO dbo.Presenter (pk_Presenter, fk_Person, fk_OrganizerNotifying) VALUES (42, 336, NULL);
INSERT INTO dbo.Presenter (pk_Presenter, fk_Person, fk_OrganizerNotifying) VALUES (43, 337, NULL);
INSERT INTO dbo.Presenter (pk_Presenter, fk_Person, fk_OrganizerNotifying) VALUES (44, 338, NULL);
INSERT INTO dbo.Presenter (pk_Presenter, fk_Person, fk_OrganizerNotifying) VALUES (45, 339, NULL);
INSERT INTO dbo.Presenter (pk_Presenter, fk_Person, fk_OrganizerNotifying) VALUES (46, 347, NULL);
INSERT INTO dbo.Presenter (pk_Presenter, fk_Person, fk_OrganizerNotifying) VALUES (47, 367, NULL);
INSERT INTO dbo.Presenter (pk_Presenter, fk_Person, fk_OrganizerNotifying) VALUES (48, 370, NULL);
INSERT INTO dbo.Presenter (pk_Presenter, fk_Person, fk_OrganizerNotifying) VALUES (49, 372, NULL);
INSERT INTO dbo.Presenter (pk_Presenter, fk_Person, fk_OrganizerNotifying) VALUES (50, 375, NULL);
INSERT INTO dbo.Presenter (pk_Presenter, fk_Person, fk_OrganizerNotifying) VALUES (51, 379, NULL);
INSERT INTO dbo.Presenter (pk_Presenter, fk_Person, fk_OrganizerNotifying) VALUES (52, 381, NULL);

COMMIT;

SET IDENTITY_INSERT dbo.Presenter OFF
-- -----------------------------------------------------
-- Data for table dbo.DifficultyLevel
-- -----------------------------------------------------
SET IDENTITY_INSERT dbo.DifficultyLevel ON

BEGIN TRANSACTION;

INSERT INTO dbo.DifficultyLevel (pk_DifficultyLevel, DifficultyLevelDescription) VALUES (4, 'Advanced');
INSERT INTO dbo.DifficultyLevel (pk_DifficultyLevel, DifficultyLevelDescription) VALUES (2, 'Beginner');
INSERT INTO dbo.DifficultyLevel (pk_DifficultyLevel, DifficultyLevelDescription) VALUES (3, 'Intermediate');
INSERT INTO dbo.DifficultyLevel (pk_DifficultyLevel, DifficultyLevelDescription) VALUES (1, 'Non-Technical');

COMMIT;
SET IDENTITY_INSERT dbo.DifficultyLevel OFF

-- -----------------------------------------------------
-- Data for table dbo.PotentialLecture
-- -----------------------------------------------------
SET IDENTITY_INSERT dbo.PotentialLecture ON

BEGIN TRANSACTION;

INSERT INTO dbo.PotentialLecture ([pk_PotentialLecture], [fk_Presenter], [PotentialLectureTitle], [fk_Organizer], [fk_DifficultyLevel], [fk_Domain]) VALUES (1, 1, 'Coffee Break', NULL, 1, NULL);
INSERT INTO dbo.PotentialLecture ([pk_PotentialLecture], [fk_Presenter], [PotentialLectureTitle], [fk_Organizer], [fk_DifficultyLevel], [fk_Domain]) VALUES (2, 1, 'SQLSaturday Kickoff and Networking', NULL, 1, NULL);
INSERT INTO dbo.PotentialLecture ([pk_PotentialLecture], [fk_Presenter], [PotentialLectureTitle], [fk_Organizer], [fk_DifficultyLevel], [fk_Domain]) VALUES (3, 1, 'Lunch Break', NULL, 1, NULL);
INSERT INTO dbo.PotentialLecture ([pk_PotentialLecture], [fk_Presenter], [PotentialLectureTitle], [fk_Organizer], [fk_DifficultyLevel], [fk_Domain]) VALUES (4, 1, 'LunchTime Keynote', NULL, 1, NULL);
INSERT INTO dbo.PotentialLecture ([pk_PotentialLecture], [fk_Presenter], [PotentialLectureTitle], [fk_Organizer], [fk_DifficultyLevel], [fk_Domain]) VALUES (5, 1, 'Raffle', NULL, 1, NULL);
INSERT INTO dbo.PotentialLecture ([pk_PotentialLecture], [fk_Presenter], [PotentialLectureTitle], [fk_Organizer], [fk_DifficultyLevel], [fk_Domain]) VALUES (6, 1, 'Registrations', NULL, 1, NULL);
INSERT INTO dbo.PotentialLecture ([pk_PotentialLecture], [fk_Presenter], [PotentialLectureTitle], [fk_Organizer], [fk_DifficultyLevel], [fk_Domain]) VALUES (7, 2, 'The Spy Who Loathed Me - An Intro to SQL Security', NULL, 2, NULL);
INSERT INTO dbo.PotentialLecture ([pk_PotentialLecture], [fk_Presenter], [PotentialLectureTitle], [fk_Organizer], [fk_DifficultyLevel], [fk_Domain]) VALUES (8, 2, 'PrSQLSaturday Recovery Amnesia – Forget the Backups', NULL, 2, NULL);
INSERT INTO dbo.PotentialLecture ([pk_PotentialLecture], [fk_Presenter], [PotentialLectureTitle], [fk_Organizer], [fk_DifficultyLevel], [fk_Domain]) VALUES (9, 2, 'Optimizing Protected Indexes', NULL, 3, NULL);
INSERT INTO dbo.PotentialLecture ([pk_PotentialLecture], [fk_Presenter], [PotentialLectureTitle], [fk_Organizer], [fk_DifficultyLevel], [fk_Domain]) VALUES (10, 2, 'Hacking Exposé - Using SSL to Protect SQL Connections', NULL, 3, NULL);
INSERT INTO dbo.PotentialLecture ([pk_PotentialLecture], [fk_Presenter], [PotentialLectureTitle], [fk_Organizer], [fk_DifficultyLevel], [fk_Domain]) VALUES (11, 3, 'Dealing With Difficult People', NULL, 2, NULL);
INSERT INTO dbo.PotentialLecture ([pk_PotentialLecture], [fk_Presenter], [PotentialLectureTitle], [fk_Organizer], [fk_DifficultyLevel], [fk_Domain]) VALUES (12, 4, 'Standalone to High-Availability Clusters over Lunch—with Time to Spare', NULL, 3, NULL);
INSERT INTO dbo.PotentialLecture ([pk_PotentialLecture], [fk_Presenter], [PotentialLectureTitle], [fk_Organizer], [fk_DifficultyLevel], [fk_Domain]) VALUES (13, 5, 'What every SQL Server DBA needs to know about Windows Server 10 Technical Preview', NULL, 3, NULL);
INSERT INTO dbo.PotentialLecture ([pk_PotentialLecture], [fk_Presenter], [PotentialLectureTitle], [fk_Organizer], [fk_DifficultyLevel], [fk_Domain]) VALUES (14, 5, 'Highly Available SQL Server in Windows Azure IaaS', NULL, 3, NULL);
INSERT INTO dbo.PotentialLecture ([pk_PotentialLecture], [fk_Presenter], [PotentialLectureTitle], [fk_Organizer], [fk_DifficultyLevel], [fk_Domain]) VALUES (15, 6, 'T-SQL : Bad Habits & Best Practices', NULL, 2, NULL);
INSERT INTO dbo.PotentialLecture ([pk_PotentialLecture], [fk_Presenter], [PotentialLectureTitle], [fk_Organizer], [fk_DifficultyLevel], [fk_Domain]) VALUES (16, 6, 'Top 5 Ways to Improve Your triggers', NULL, 3, NULL);
INSERT INTO dbo.PotentialLecture ([pk_PotentialLecture], [fk_Presenter], [PotentialLectureTitle], [fk_Organizer], [fk_DifficultyLevel], [fk_Domain]) VALUES (17, 7, 'Using Extended SQLSaturdays in SQL Server', NULL, 4, NULL);
INSERT INTO dbo.PotentialLecture ([pk_PotentialLecture], [fk_Presenter], [PotentialLectureTitle], [fk_Organizer], [fk_DifficultyLevel], [fk_Domain]) VALUES (18, 7, 'SQL Server Compression and what it can do for you', NULL, 4, NULL);
INSERT INTO dbo.PotentialLecture ([pk_PotentialLecture], [fk_Presenter], [PotentialLectureTitle], [fk_Organizer], [fk_DifficultyLevel], [fk_Domain]) VALUES (19, 7, 'Reporting Services for Mere DBAs', NULL, 3, NULL);
INSERT INTO dbo.PotentialLecture ([pk_PotentialLecture], [fk_Presenter], [PotentialLectureTitle], [fk_Organizer], [fk_DifficultyLevel], [fk_Domain]) VALUES (20, 7, 'Murder They Wrote', NULL, 3, NULL);
INSERT INTO dbo.PotentialLecture ([pk_PotentialLecture], [fk_Presenter], [PotentialLectureTitle], [fk_Organizer], [fk_DifficultyLevel], [fk_Domain]) VALUES (21, 8, 'Automating Execution Plan Analysis', NULL, 4, NULL);
INSERT INTO dbo.PotentialLecture ([pk_PotentialLecture], [fk_Presenter], [PotentialLectureTitle], [fk_Organizer], [fk_DifficultyLevel], [fk_Domain]) VALUES (23, 9, 'Power BI Components in Microsoft''s Self-Service BI Suite', NULL, 2, NULL);
INSERT INTO dbo.PotentialLecture ([pk_PotentialLecture], [fk_Presenter], [PotentialLectureTitle], [fk_Organizer], [fk_DifficultyLevel], [fk_Domain]) VALUES (24, 10, 'Inroduction to Triggers', NULL, 2, NULL);
INSERT INTO dbo.PotentialLecture ([pk_PotentialLecture], [fk_Presenter], [PotentialLectureTitle], [fk_Organizer], [fk_DifficultyLevel], [fk_Domain]) VALUES (25, 10, 'Tired of the CRUD? Automate it!', NULL, 3, NULL);
INSERT INTO dbo.PotentialLecture ([pk_PotentialLecture], [fk_Presenter], [PotentialLectureTitle], [fk_Organizer], [fk_DifficultyLevel], [fk_Domain]) VALUES (26, 11, 'Database Virtualization and Drinking out of the Fire Hose', NULL, 3, NULL);
INSERT INTO dbo.PotentialLecture ([pk_PotentialLecture], [fk_Presenter], [PotentialLectureTitle], [fk_Organizer], [fk_DifficultyLevel], [fk_Domain]) VALUES (27, 12, 'Replicaton Technologies', NULL, 4, NULL);
INSERT INTO dbo.PotentialLecture ([pk_PotentialLecture], [fk_Presenter], [PotentialLectureTitle], [fk_Organizer], [fk_DifficultyLevel], [fk_Domain]) VALUES (28, 12, 'Scaling with SQL Server Service Broker', NULL, 4, NULL);
INSERT INTO dbo.PotentialLecture ([pk_PotentialLecture], [fk_Presenter], [PotentialLectureTitle], [fk_Organizer], [fk_DifficultyLevel], [fk_Domain]) VALUES (29, 12, 'Stress testing SQL Server', NULL, 4, NULL);
INSERT INTO dbo.PotentialLecture ([pk_PotentialLecture], [fk_Presenter], [PotentialLectureTitle], [fk_Organizer], [fk_DifficultyLevel], [fk_Domain]) VALUES (30, 12, 'Monitoring SQL Server using Extended SQLSaturdays', NULL, 2, NULL);
INSERT INTO dbo.PotentialLecture ([pk_PotentialLecture], [fk_Presenter], [PotentialLectureTitle], [fk_Organizer], [fk_DifficultyLevel], [fk_Domain]) VALUES (31, 13, 'Becoming a Top DBA--Learning Automation in SQL Server', NULL, 2, NULL);
INSERT INTO dbo.PotentialLecture ([pk_PotentialLecture], [fk_Presenter], [PotentialLectureTitle], [fk_Organizer], [fk_DifficultyLevel], [fk_Domain]) VALUES (32, 14, 'Introduction to Database Recovery', NULL, 2, NULL);
INSERT INTO dbo.PotentialLecture ([pk_PotentialLecture], [fk_Presenter], [PotentialLectureTitle], [fk_Organizer], [fk_DifficultyLevel], [fk_Domain]) VALUES (33, 14, 'Development Lifecycle with SQL Server Data Tools and DACFx', NULL, 3, NULL);
INSERT INTO dbo.PotentialLecture ([pk_PotentialLecture], [fk_Presenter], [PotentialLectureTitle], [fk_Organizer], [fk_DifficultyLevel], [fk_Domain]) VALUES (34, 14, 'Data Partitioning', NULL, 3, NULL);
INSERT INTO dbo.PotentialLecture ([pk_PotentialLecture], [fk_Presenter], [PotentialLectureTitle], [fk_Organizer], [fk_DifficultyLevel], [fk_Domain]) VALUES (35, 14, 'Data Tier Application Testing with NUnit and Distributed Replay', NULL, 3, NULL);
INSERT INTO dbo.PotentialLecture ([pk_PotentialLecture], [fk_Presenter], [PotentialLectureTitle], [fk_Organizer], [fk_DifficultyLevel], [fk_Domain]) VALUES (36, 15, 'Self-Service Data Integration with Power Query', NULL, 2, NULL);
INSERT INTO dbo.PotentialLecture ([pk_PotentialLecture], [fk_Presenter], [PotentialLectureTitle], [fk_Organizer], [fk_DifficultyLevel], [fk_Domain]) VALUES (37, 15, 'Graph Databases for SQL Server Professionals', NULL, 3, NULL);
INSERT INTO dbo.PotentialLecture ([pk_PotentialLecture], [fk_Presenter], [PotentialLectureTitle], [fk_Organizer], [fk_DifficultyLevel], [fk_Domain]) VALUES (38, 16, 'Tune Queries By Fixing Bad Parameter Sniffing', NULL, 3, NULL);
INSERT INTO dbo.PotentialLecture ([pk_PotentialLecture], [fk_Presenter], [PotentialLectureTitle], [fk_Organizer], [fk_DifficultyLevel], [fk_Domain]) VALUES (39, 16, 'Execution Plans: What Can You Do With Them?', NULL, 3, NULL);
INSERT INTO dbo.PotentialLecture ([pk_PotentialLecture], [fk_Presenter], [PotentialLectureTitle], [fk_Organizer], [fk_DifficultyLevel], [fk_Domain]) VALUES (40, 17, 'Absolute Introductory Session on SQL Server 2014 In-Memory Optimized Databases (Hekaton)', NULL, 2, NULL);
INSERT INTO dbo.PotentialLecture ([pk_PotentialLecture], [fk_Presenter], [PotentialLectureTitle], [fk_Organizer], [fk_DifficultyLevel], [fk_Domain]) VALUES (41, 17, 'Implementing Data Warehouse Patterns with the Microsoft BI Tools', NULL, 3, NULL);
INSERT INTO dbo.PotentialLecture ([pk_PotentialLecture], [fk_Presenter], [PotentialLectureTitle], [fk_Organizer], [fk_DifficultyLevel], [fk_Domain]) VALUES (42, 17, 'T-SQL for Application Developers - Attendees chose', NULL, 3, NULL);
INSERT INTO dbo.PotentialLecture ([pk_PotentialLecture], [fk_Presenter], [PotentialLectureTitle], [fk_Organizer], [fk_DifficultyLevel], [fk_Domain]) VALUES (43, 17, 'What’s new in SQL Server Integration Services 2012', NULL, 3, NULL);
INSERT INTO dbo.PotentialLecture ([pk_PotentialLecture], [fk_Presenter], [PotentialLectureTitle], [fk_Organizer], [fk_DifficultyLevel], [fk_Domain]) VALUES (44, 17, 'Why OLAP? Building SSAS cubes and benefits of OLAP', NULL, 3, NULL);
INSERT INTO dbo.PotentialLecture ([pk_PotentialLecture], [fk_Presenter], [PotentialLectureTitle], [fk_Organizer], [fk_DifficultyLevel], [fk_Domain]) VALUES (45, 17, 'SQL Server 2012/2014 Columnstore index', NULL, 3, NULL);
INSERT INTO dbo.PotentialLecture ([pk_PotentialLecture], [fk_Presenter], [PotentialLectureTitle], [fk_Organizer], [fk_DifficultyLevel], [fk_Domain]) VALUES (46, 17, 'SQL Server Reporting Services, Attendees choose', NULL, 3, NULL);
INSERT INTO dbo.PotentialLecture ([pk_PotentialLecture], [fk_Presenter], [PotentialLectureTitle], [fk_Organizer], [fk_DifficultyLevel], [fk_Domain]) VALUES (47, 17, 'Change Data Capture in SQL Server 2008/2012', NULL, 3, NULL);
INSERT INTO dbo.PotentialLecture ([pk_PotentialLecture], [fk_Presenter], [PotentialLectureTitle], [fk_Organizer], [fk_DifficultyLevel], [fk_Domain]) VALUES (48, 17, 'Integrating Reporting Services with SharePoint', NULL, 3, NULL);
INSERT INTO dbo.PotentialLecture ([pk_PotentialLecture], [fk_Presenter], [PotentialLectureTitle], [fk_Organizer], [fk_DifficultyLevel], [fk_Domain]) VALUES (49, 18, 'Automated Installing and Configuration of SQL2014/SQL2012 AlwaysOn Across Multiple Datacenters', NULL, 3, NULL);
INSERT INTO dbo.PotentialLecture ([pk_PotentialLecture], [fk_Presenter], [PotentialLectureTitle], [fk_Organizer], [fk_DifficultyLevel], [fk_Domain]) VALUES (50, 18, 'SQL Server Storage Engine under the hood', NULL, 3, NULL);
INSERT INTO dbo.PotentialLecture ([pk_PotentialLecture], [fk_Presenter], [PotentialLectureTitle], [fk_Organizer], [fk_DifficultyLevel], [fk_Domain]) VALUES (51, 18, 'Automated Installing and Configuration of SQL2014/SQL2012 AlwaysOn Across Multiple Datacenters', NULL, 3, NULL);
INSERT INTO dbo.PotentialLecture ([pk_PotentialLecture], [fk_Presenter], [PotentialLectureTitle], [fk_Organizer], [fk_DifficultyLevel], [fk_Domain]) VALUES (52, 18, 'Establishing a SLA', NULL, 3, NULL);
INSERT INTO dbo.PotentialLecture ([pk_PotentialLecture], [fk_Presenter], [PotentialLectureTitle], [fk_Organizer], [fk_DifficultyLevel], [fk_Domain]) VALUES (53, 19, 'Recovery and Backup for Beginners', NULL, 2, NULL);
INSERT INTO dbo.PotentialLecture ([pk_PotentialLecture], [fk_Presenter], [PotentialLectureTitle], [fk_Organizer], [fk_DifficultyLevel], [fk_Domain]) VALUES (54, 20, 'Did You Vote Today? A DBAs Guide to Cluster Quorum', NULL, 4, NULL);
INSERT INTO dbo.PotentialLecture ([pk_PotentialLecture], [fk_Presenter], [PotentialLectureTitle], [fk_Organizer], [fk_DifficultyLevel], [fk_Domain]) VALUES (55, 20, 'So You Want To Be A Consultant?', NULL, 2, NULL);
INSERT INTO dbo.PotentialLecture ([pk_PotentialLecture], [fk_Presenter], [PotentialLectureTitle], [fk_Organizer], [fk_DifficultyLevel], [fk_Domain]) VALUES (56, 20, 'Hybrid Solutions: The Future of SQL Server Disaster Recovery', NULL, 3, NULL);
INSERT INTO dbo.PotentialLecture ([pk_PotentialLecture], [fk_Presenter], [PotentialLectureTitle], [fk_Organizer], [fk_DifficultyLevel], [fk_Domain]) VALUES (57, 20, 'Is That A Failover Cluster On Your Laptop/Desktop?', NULL, 3, NULL);
INSERT INTO dbo.PotentialLecture ([pk_PotentialLecture], [fk_Presenter], [PotentialLectureTitle], [fk_Organizer], [fk_DifficultyLevel], [fk_Domain]) VALUES (58, 20, 'Clusters Your Way: #SANLess Clusters for Physical, Virtual, and Cloud Environments', NULL, 1, NULL);
INSERT INTO dbo.PotentialLecture ([pk_PotentialLecture], [fk_Presenter], [PotentialLectureTitle], [fk_Organizer], [fk_DifficultyLevel], [fk_Domain]) VALUES (59, 21, 'Clusters Your Way: #SANLess Clusters for Physical, Virtual, and Cloud Environments', NULL, 2, NULL);
INSERT INTO dbo.PotentialLecture ([pk_PotentialLecture], [fk_Presenter], [PotentialLectureTitle], [fk_Organizer], [fk_DifficultyLevel], [fk_Domain]) VALUES (60, 22, 'PowerShell for the Reluctant DBA / Developer', NULL, 2, NULL);
INSERT INTO dbo.PotentialLecture ([pk_PotentialLecture], [fk_Presenter], [PotentialLectureTitle], [fk_Organizer], [fk_DifficultyLevel], [fk_Domain]) VALUES (61, 22, 'Dimensional Modeling Design Patterns: Beyond Basics', NULL, 3, NULL);
INSERT INTO dbo.PotentialLecture ([pk_PotentialLecture], [fk_Presenter], [PotentialLectureTitle], [fk_Organizer], [fk_DifficultyLevel], [fk_Domain]) VALUES (62, 22, 'Dimensional Modeling Design Patterns: Beyond Basics', NULL, 3, NULL);
INSERT INTO dbo.PotentialLecture ([pk_PotentialLecture], [fk_Presenter], [PotentialLectureTitle], [fk_Organizer], [fk_DifficultyLevel], [fk_Domain]) VALUES (63, 23, 'The future of the data professional', NULL, 2, NULL);
INSERT INTO dbo.PotentialLecture ([pk_PotentialLecture], [fk_Presenter], [PotentialLectureTitle], [fk_Organizer], [fk_DifficultyLevel], [fk_Domain]) VALUES (64, 24, 'Balanced Scorecards using SSRS', NULL, 3, NULL);
INSERT INTO dbo.PotentialLecture ([pk_PotentialLecture], [fk_Presenter], [PotentialLectureTitle], [fk_Organizer], [fk_DifficultyLevel], [fk_Domain]) VALUES (65, 25, 'SQL Server Storage internals: Looking under the hood.', NULL, 4, NULL);
INSERT INTO dbo.PotentialLecture ([pk_PotentialLecture], [fk_Presenter], [PotentialLectureTitle], [fk_Organizer], [fk_DifficultyLevel], [fk_Domain]) VALUES (66, 25, 'Introduction to SQL Server - Part 1', NULL, 2, NULL);
INSERT INTO dbo.PotentialLecture ([pk_PotentialLecture], [fk_Presenter], [PotentialLectureTitle], [fk_Organizer], [fk_DifficultyLevel], [fk_Domain]) VALUES (67, 25, 'Introduction to SQL Server - Part 2', NULL, 2, NULL);
INSERT INTO dbo.PotentialLecture ([pk_PotentialLecture], [fk_Presenter], [PotentialLectureTitle], [fk_Organizer], [fk_DifficultyLevel], [fk_Domain]) VALUES (68, 26, 'Hacking the SSIS 2012 Catalog', NULL, 2, NULL);
INSERT INTO dbo.PotentialLecture ([pk_PotentialLecture], [fk_Presenter], [PotentialLectureTitle], [fk_Organizer], [fk_DifficultyLevel], [fk_Domain]) VALUES (69, 26, 'SSIS 2014 Data Flow Tuning Tips and Tricks', NULL, 2, NULL);
INSERT INTO dbo.PotentialLecture ([pk_PotentialLecture], [fk_Presenter], [PotentialLectureTitle], [fk_Organizer], [fk_DifficultyLevel], [fk_Domain]) VALUES (70, 27, 'The Quest for the Golden Record:MDM Best Practices', NULL, 2, NULL);
INSERT INTO dbo.PotentialLecture ([pk_PotentialLecture], [fk_Presenter], [PotentialLectureTitle], [fk_Organizer], [fk_DifficultyLevel], [fk_Domain]) VALUES (71, 28, 'Full Text Indexing Basics', NULL, 2, NULL);
INSERT INTO dbo.PotentialLecture ([pk_PotentialLecture], [fk_Presenter], [PotentialLectureTitle], [fk_Organizer], [fk_DifficultyLevel], [fk_Domain]) VALUES (72, 28, 'Basic Database Programming', NULL, 2, NULL);
INSERT INTO dbo.PotentialLecture ([pk_PotentialLecture], [fk_Presenter], [PotentialLectureTitle], [fk_Organizer], [fk_DifficultyLevel], [fk_Domain]) VALUES (73, 28, 'Table partitioning for Azure SQL Databases', NULL, 2, NULL);
INSERT INTO dbo.PotentialLecture ([pk_PotentialLecture], [fk_Presenter], [PotentialLectureTitle], [fk_Organizer], [fk_DifficultyLevel], [fk_Domain]) VALUES (74, 28, 'Basic Database Design', NULL, 2, NULL);
INSERT INTO dbo.PotentialLecture ([pk_PotentialLecture], [fk_Presenter], [PotentialLectureTitle], [fk_Organizer], [fk_DifficultyLevel], [fk_Domain]) VALUES (75, 28, 'Biggest Loser: Database Edition', NULL, 3, NULL);
INSERT INTO dbo.PotentialLecture ([pk_PotentialLecture], [fk_Presenter], [PotentialLectureTitle], [fk_Organizer], [fk_DifficultyLevel], [fk_Domain]) VALUES (76, 29, 'Introducing Power BI', NULL, 2, NULL);
INSERT INTO dbo.PotentialLecture ([pk_PotentialLecture], [fk_Presenter], [PotentialLectureTitle], [fk_Organizer], [fk_DifficultyLevel], [fk_Domain]) VALUES (77, 29, 'Building a BI Solution in the Cloud', NULL, 3, NULL);
INSERT INTO dbo.PotentialLecture ([pk_PotentialLecture], [fk_Presenter], [PotentialLectureTitle], [fk_Organizer], [fk_DifficultyLevel], [fk_Domain]) VALUES (78, 29, 'Reduce, Reuse, Recycle: Automating Your BI Framework', NULL, 3, NULL);
INSERT INTO dbo.PotentialLecture ([pk_PotentialLecture], [fk_Presenter], [PotentialLectureTitle], [fk_Organizer], [fk_DifficultyLevel], [fk_Domain]) VALUES (79, 29, 'Multidimensional vs Tabular - May the Best Model Win', NULL, 3, NULL);
INSERT INTO dbo.PotentialLecture ([pk_PotentialLecture], [fk_Presenter], [PotentialLectureTitle], [fk_Organizer], [fk_DifficultyLevel], [fk_Domain]) VALUES (80, 30, 'Tricks that have saved my bacon', NULL, 2, NULL);
INSERT INTO dbo.PotentialLecture ([pk_PotentialLecture], [fk_Presenter], [PotentialLectureTitle], [fk_Organizer], [fk_DifficultyLevel], [fk_Domain]) VALUES (81, 31, 'Why do we shun using tools for DBA job?', NULL, 3, NULL);
INSERT INTO dbo.PotentialLecture ([pk_PotentialLecture], [fk_Presenter], [PotentialLectureTitle], [fk_Organizer], [fk_DifficultyLevel], [fk_Domain]) VALUES (82, 31, 'Best Practices Document', NULL, 3, NULL);
INSERT INTO dbo.PotentialLecture ([pk_PotentialLecture], [fk_Presenter], [PotentialLectureTitle], [fk_Organizer], [fk_DifficultyLevel], [fk_Domain]) VALUES (83, 32, 'Watch Brent Tune Queries', NULL, 3, NULL);
INSERT INTO dbo.PotentialLecture ([pk_PotentialLecture], [fk_Presenter], [PotentialLectureTitle], [fk_Organizer], [fk_DifficultyLevel], [fk_Domain]) VALUES (84, 32, 'Easy Architecture Design for HA and DR', NULL, 3, NULL);
INSERT INTO dbo.PotentialLecture ([pk_PotentialLecture], [fk_Presenter], [PotentialLectureTitle], [fk_Organizer], [fk_DifficultyLevel], [fk_Domain]) VALUES (85, 32, 'How to Think Like the Engine', NULL, 3, NULL);
INSERT INTO dbo.PotentialLecture ([pk_PotentialLecture], [fk_Presenter], [PotentialLectureTitle], [fk_Organizer], [fk_DifficultyLevel], [fk_Domain]) VALUES (86, 33, 'Hidden in plain sight: master your tools', NULL, 3, NULL);
INSERT INTO dbo.PotentialLecture ([pk_PotentialLecture], [fk_Presenter], [PotentialLectureTitle], [fk_Organizer], [fk_DifficultyLevel], [fk_Domain]) VALUES (87, 34, 'DBA FOR DUMMIES', NULL, 2, NULL);
INSERT INTO dbo.PotentialLecture ([pk_PotentialLecture], [fk_Presenter], [PotentialLectureTitle], [fk_Organizer], [fk_DifficultyLevel], [fk_Domain]) VALUES (88, 34, 'Creating A Performance Health Repository - using MDW', NULL, 2, NULL);
INSERT INTO dbo.PotentialLecture ([pk_PotentialLecture], [fk_Presenter], [PotentialLectureTitle], [fk_Organizer], [fk_DifficultyLevel], [fk_Domain]) VALUES (89, 35, 'A Dynamic World Demands Dynamic SQL', NULL, 3, NULL);
INSERT INTO dbo.PotentialLecture ([pk_PotentialLecture], [fk_Presenter], [PotentialLectureTitle], [fk_Organizer], [fk_DifficultyLevel], [fk_Domain]) VALUES (90, 35, 'Leaving the Windows Open', NULL, 3, NULL);
INSERT INTO dbo.PotentialLecture ([pk_PotentialLecture], [fk_Presenter], [PotentialLectureTitle], [fk_Organizer], [fk_DifficultyLevel], [fk_Domain]) VALUES (91, 36, 'Bulk load and minimal logged inserts', NULL, 4, NULL);
INSERT INTO dbo.PotentialLecture ([pk_PotentialLecture], [fk_Presenter], [PotentialLectureTitle], [fk_Organizer], [fk_DifficultyLevel], [fk_Domain]) VALUES (92, 36, 'SQL Server and the Cloud', NULL, 2, NULL);
INSERT INTO dbo.PotentialLecture ([pk_PotentialLecture], [fk_Presenter], [PotentialLectureTitle], [fk_Organizer], [fk_DifficultyLevel], [fk_Domain]) VALUES (93, 36, 'Integration Services (SSIS) for the DBA', NULL, 3, NULL);
INSERT INTO dbo.PotentialLecture ([pk_PotentialLecture], [fk_Presenter], [PotentialLectureTitle], [fk_Organizer], [fk_DifficultyLevel], [fk_Domain]) VALUES (94, 37, 'Dynamic SQL: Writing Efficient Queries on the Fly', NULL, 2, NULL);
INSERT INTO dbo.PotentialLecture ([pk_PotentialLecture], [fk_Presenter], [PotentialLectureTitle], [fk_Organizer], [fk_DifficultyLevel], [fk_Domain]) VALUES (95, 37, 'Query Optimization Crash Course', NULL, 2, NULL);
INSERT INTO dbo.PotentialLecture ([pk_PotentialLecture], [fk_Presenter], [PotentialLectureTitle], [fk_Organizer], [fk_DifficultyLevel], [fk_Domain]) VALUES (96, 37, 'Database Design: Solving Problems Before they Start!', NULL, 2, NULL);
INSERT INTO dbo.PotentialLecture ([pk_PotentialLecture], [fk_Presenter], [PotentialLectureTitle], [fk_Organizer], [fk_DifficultyLevel], [fk_Domain]) VALUES (97, 37, 'Diving Into Query Execution Plans', NULL, 3, NULL);
INSERT INTO dbo.PotentialLecture ([pk_PotentialLecture], [fk_Presenter], [PotentialLectureTitle], [fk_Organizer], [fk_DifficultyLevel], [fk_Domain]) VALUES (98, 38, 'Partitioning as a design pattern', NULL, 4, NULL);
INSERT INTO dbo.PotentialLecture ([pk_PotentialLecture], [fk_Presenter], [PotentialLectureTitle], [fk_Organizer], [fk_DifficultyLevel], [fk_Domain]) VALUES (99, 38, 'SQL anti patterns', NULL, 4, NULL);
INSERT INTO dbo.PotentialLecture ([pk_PotentialLecture], [fk_Presenter], [PotentialLectureTitle], [fk_Organizer], [fk_DifficultyLevel], [fk_Domain]) VALUES (100, 38, 'Autogenerating a process data warehouse', NULL, 4, NULL);
INSERT INTO dbo.PotentialLecture ([pk_PotentialLecture], [fk_Presenter], [PotentialLectureTitle], [fk_Organizer], [fk_DifficultyLevel], [fk_Domain]) VALUES (101, 39, 'Testing', NULL, 2, NULL);
INSERT INTO dbo.PotentialLecture ([pk_PotentialLecture], [fk_Presenter], [PotentialLectureTitle], [fk_Organizer], [fk_DifficultyLevel], [fk_Domain]) VALUES (102, 40, 'ETL not ELT! Common mistakes and misconceptions about SSIS', NULL, 4, NULL);
INSERT INTO dbo.PotentialLecture ([pk_PotentialLecture], [fk_Presenter], [PotentialLectureTitle], [fk_Organizer], [fk_DifficultyLevel], [fk_Domain]) VALUES (103, 40, 'Shortcuts to Building SSIS in .Net', NULL, 2, NULL);
INSERT INTO dbo.PotentialLecture ([pk_PotentialLecture], [fk_Presenter], [PotentialLectureTitle], [fk_Organizer], [fk_DifficultyLevel], [fk_Domain]) VALUES (104, 40, 'Getting a job with Microsoft', NULL, 1, NULL);
INSERT INTO dbo.PotentialLecture ([pk_PotentialLecture], [fk_Presenter], [PotentialLectureTitle], [fk_Organizer], [fk_DifficultyLevel], [fk_Domain]) VALUES (105, 41, 'The Quest to Find Bad Data With Data Profiling', NULL, 3, NULL);
INSERT INTO dbo.PotentialLecture ([pk_PotentialLecture], [fk_Presenter], [PotentialLectureTitle], [fk_Organizer], [fk_DifficultyLevel], [fk_Domain]) VALUES (106, 42, 'Faster, Better Decisions with Self Service Business Analytics', NULL, 3, NULL);
INSERT INTO dbo.PotentialLecture ([pk_PotentialLecture], [fk_Presenter], [PotentialLectureTitle], [fk_Organizer], [fk_DifficultyLevel], [fk_Domain]) VALUES (107, 43, 'Optimal Infrastructure Strategies for Cisco UCS, Nexus and SQL Server', NULL, 1, NULL);
INSERT INTO dbo.PotentialLecture ([pk_PotentialLecture], [fk_Presenter], [PotentialLectureTitle], [fk_Organizer], [fk_DifficultyLevel], [fk_Domain]) VALUES (108, 44, 'AlwaysOn: Improve reliability and reporting performance with one cool tech', NULL, 2, NULL);
INSERT INTO dbo.PotentialLecture ([pk_PotentialLecture], [fk_Presenter], [PotentialLectureTitle], [fk_Organizer], [fk_DifficultyLevel], [fk_Domain]) VALUES (109, 45, 'Become a BI Independent Consultant!', NULL, 2, NULL);
INSERT INTO dbo.PotentialLecture ([pk_PotentialLecture], [fk_Presenter], [PotentialLectureTitle], [fk_Organizer], [fk_DifficultyLevel], [fk_Domain]) VALUES (110, 45, 'What exactly is big data and why should I care?', NULL, 2, NULL);
INSERT INTO dbo.PotentialLecture ([pk_PotentialLecture], [fk_Presenter], [PotentialLectureTitle], [fk_Organizer], [fk_DifficultyLevel], [fk_Domain]) VALUES (111, 45, 'What is it like to work for Microsoft?', NULL, 2, NULL);
INSERT INTO dbo.PotentialLecture ([pk_PotentialLecture], [fk_Presenter], [PotentialLectureTitle], [fk_Organizer], [fk_DifficultyLevel], [fk_Domain]) VALUES (112, 45, 'Building an Effective Data Warehouse Architecture', NULL, 2, NULL);
INSERT INTO dbo.PotentialLecture ([pk_PotentialLecture], [fk_Presenter], [PotentialLectureTitle], [fk_Organizer], [fk_DifficultyLevel], [fk_Domain]) VALUES (113, 45, 'Building an Effective Data Warehouse Architecture with the cloud and MPP', NULL, 2, NULL);
INSERT INTO dbo.PotentialLecture ([pk_PotentialLecture], [fk_Presenter], [PotentialLectureTitle], [fk_Organizer], [fk_DifficultyLevel], [fk_Domain]) VALUES (114, 45, 'Enhancing your career: Building your Personal brand', NULL, 2, NULL);
INSERT INTO dbo.PotentialLecture ([pk_PotentialLecture], [fk_Presenter], [PotentialLectureTitle], [fk_Organizer], [fk_DifficultyLevel], [fk_Domain]) VALUES (115, 45, 'How to Make a LOT More Money as a Consultant', NULL, 2, NULL);
INSERT INTO dbo.PotentialLecture ([pk_PotentialLecture], [fk_Presenter], [PotentialLectureTitle], [fk_Organizer], [fk_DifficultyLevel], [fk_Domain]) VALUES (116, 45, 'Modern Data Warehousing', NULL, 2, NULL);
INSERT INTO dbo.PotentialLecture ([pk_PotentialLecture], [fk_Presenter], [PotentialLectureTitle], [fk_Organizer], [fk_DifficultyLevel], [fk_Domain]) VALUES (117, 46, 'Database design for mere developers', NULL, 3, NULL);
INSERT INTO dbo.PotentialLecture ([pk_PotentialLecture], [fk_Presenter], [PotentialLectureTitle], [fk_Organizer], [fk_DifficultyLevel], [fk_Domain]) VALUES (118, 46, 'Creating efficient and effective SSRS BI Solutions', NULL, 3, NULL);
INSERT INTO dbo.PotentialLecture ([pk_PotentialLecture], [fk_Presenter], [PotentialLectureTitle], [fk_Organizer], [fk_DifficultyLevel], [fk_Domain]) VALUES (119, 46, 'DAX and the tabular model', NULL, 3, NULL);
INSERT INTO dbo.PotentialLecture ([pk_PotentialLecture], [fk_Presenter], [PotentialLectureTitle], [fk_Organizer], [fk_DifficultyLevel], [fk_Domain]) VALUES (120, 46, 'An introduction to Data Mining', NULL, 3, NULL);
INSERT INTO dbo.PotentialLecture ([pk_PotentialLecture], [fk_Presenter], [PotentialLectureTitle], [fk_Organizer], [fk_DifficultyLevel], [fk_Domain]) VALUES (121, 46, 'Power to the people!!', NULL, 3, NULL);
INSERT INTO dbo.PotentialLecture ([pk_PotentialLecture], [fk_Presenter], [PotentialLectureTitle], [fk_Organizer], [fk_DifficultyLevel], [fk_Domain]) VALUES (122, 46, 'Rapid Application Development with Master Data Services', NULL, 3, NULL);
INSERT INTO dbo.PotentialLecture ([pk_PotentialLecture], [fk_Presenter], [PotentialLectureTitle], [fk_Organizer], [fk_DifficultyLevel], [fk_Domain]) VALUES (123, 46, 'SQL Server 2014 Data Access Layers', NULL, 3, NULL);
INSERT INTO dbo.PotentialLecture ([pk_PotentialLecture], [fk_Presenter], [PotentialLectureTitle], [fk_Organizer], [fk_DifficultyLevel], [fk_Domain]) VALUES (124, 46, 'SQL Server Reporting Services 2014 on Steroids!!', NULL, 3, NULL);
INSERT INTO dbo.PotentialLecture ([pk_PotentialLecture], [fk_Presenter], [PotentialLectureTitle], [fk_Organizer], [fk_DifficultyLevel], [fk_Domain]) VALUES (125, 46, 'SQL Server Reporting Services Best Practices', NULL, 3, NULL);
INSERT INTO dbo.PotentialLecture ([pk_PotentialLecture], [fk_Presenter], [PotentialLectureTitle], [fk_Organizer], [fk_DifficultyLevel], [fk_Domain]) VALUES (126, 46, 'A dive into Data Quality Services', NULL, 3, NULL);
INSERT INTO dbo.PotentialLecture ([pk_PotentialLecture], [fk_Presenter], [PotentialLectureTitle], [fk_Organizer], [fk_DifficultyLevel], [fk_Domain]) VALUES (127, 46, 'Business Analytics with SQL Server & Power Map:Everything you want to know but were afraid to ask', NULL, 3, NULL);
INSERT INTO dbo.PotentialLecture ([pk_PotentialLecture], [fk_Presenter], [PotentialLectureTitle], [fk_Organizer], [fk_DifficultyLevel], [fk_Domain]) VALUES (128, 46, 'Challenges to designing financial warehouses, lessons learnt', NULL, 3, NULL);
INSERT INTO dbo.PotentialLecture ([pk_PotentialLecture], [fk_Presenter], [PotentialLectureTitle], [fk_Organizer], [fk_DifficultyLevel], [fk_Domain]) VALUES (131, 46, 'Get your Mining Model Predictions out to all', NULL, 3, NULL);
INSERT INTO dbo.PotentialLecture ([pk_PotentialLecture], [fk_Presenter], [PotentialLectureTitle], [fk_Organizer], [fk_DifficultyLevel], [fk_Domain]) VALUES (132, 46, 'Master Data Services Best Practices', NULL, 3, NULL);
INSERT INTO dbo.PotentialLecture ([pk_PotentialLecture], [fk_Presenter], [PotentialLectureTitle], [fk_Organizer], [fk_DifficultyLevel], [fk_Domain]) VALUES (133, 46, 'Master Data Services Disaster Recovery', NULL, 3, NULL);
INSERT INTO dbo.PotentialLecture ([pk_PotentialLecture], [fk_Presenter], [PotentialLectureTitle], [fk_Organizer], [fk_DifficultyLevel], [fk_Domain]) VALUES (134, 46, 'Mind your language!! Cursors are a dirty word', NULL, 3, NULL);
INSERT INTO dbo.PotentialLecture ([pk_PotentialLecture], [fk_Presenter], [PotentialLectureTitle], [fk_Organizer], [fk_DifficultyLevel], [fk_Domain]) VALUES (135, 46, 'Monitoring Server health via Reporting Services dashboards', NULL, 3, NULL);
INSERT INTO dbo.PotentialLecture ([pk_PotentialLecture], [fk_Presenter], [PotentialLectureTitle], [fk_Organizer], [fk_DifficultyLevel], [fk_Domain]) VALUES (136, 46, 'Now you see it! Now you don’t! Conjuring many reports utilizing only one SSRS report.', NULL, 3, NULL);
INSERT INTO dbo.PotentialLecture ([pk_PotentialLecture], [fk_Presenter], [PotentialLectureTitle], [fk_Organizer], [fk_DifficultyLevel], [fk_Domain]) VALUES (137, 47, 'Introduction to High Availability with SQL Server', NULL, 2, NULL);
INSERT INTO dbo.PotentialLecture ([pk_PotentialLecture], [fk_Presenter], [PotentialLectureTitle], [fk_Organizer], [fk_DifficultyLevel], [fk_Domain]) VALUES (138, 47, 'Introduction to Powershell for DBA''s', NULL, 2, NULL);
INSERT INTO dbo.PotentialLecture ([pk_PotentialLecture], [fk_Presenter], [PotentialLectureTitle], [fk_Organizer], [fk_DifficultyLevel], [fk_Domain]) VALUES (139, 47, 'Automate your daily checklist with PBM and CMS', NULL, 3, NULL);
INSERT INTO dbo.PotentialLecture ([pk_PotentialLecture], [fk_Presenter], [PotentialLectureTitle], [fk_Organizer], [fk_DifficultyLevel], [fk_Domain]) VALUES (140, 48, 'Changing Your Habits to Improve the Performance of Your T-SQL', NULL, 2, NULL);
INSERT INTO dbo.PotentialLecture ([pk_PotentialLecture], [fk_Presenter], [PotentialLectureTitle], [fk_Organizer], [fk_DifficultyLevel], [fk_Domain]) VALUES (141, 48, 'Best Practices for Efficient SSRS Report Creation', NULL, 2, NULL);
INSERT INTO dbo.PotentialLecture ([pk_PotentialLecture], [fk_Presenter], [PotentialLectureTitle], [fk_Organizer], [fk_DifficultyLevel], [fk_Domain]) VALUES (142, 49, 'Baselines and Performance Monitoring with PAL', NULL, 2, NULL);
INSERT INTO dbo.PotentialLecture ([pk_PotentialLecture], [fk_Presenter], [PotentialLectureTitle], [fk_Organizer], [fk_DifficultyLevel], [fk_Domain]) VALUES (143, 49, 'Never Have to Say Mayday!!!" Again"', NULL, 2, NULL);
INSERT INTO dbo.PotentialLecture ([pk_PotentialLecture], [fk_Presenter], [PotentialLectureTitle], [fk_Organizer], [fk_DifficultyLevel], [fk_Domain]) VALUES (144, 49, 'You''re Doing It Wrong!!', NULL, 3, NULL);
INSERT INTO dbo.PotentialLecture ([pk_PotentialLecture], [fk_Presenter], [PotentialLectureTitle], [fk_Organizer], [fk_DifficultyLevel], [fk_Domain]) VALUES (145, 50, 'SQL Server AlwaysOn Availability Groups', NULL, 2, NULL);
INSERT INTO dbo.PotentialLecture ([pk_PotentialLecture], [fk_Presenter], [PotentialLectureTitle], [fk_Organizer], [fk_DifficultyLevel], [fk_Domain]) VALUES (146, 50, 'Hybrid Cloud Scenarios with SQL Server 2014', NULL, 3, NULL);
INSERT INTO dbo.PotentialLecture ([pk_PotentialLecture], [fk_Presenter], [PotentialLectureTitle], [fk_Organizer], [fk_DifficultyLevel], [fk_Domain]) VALUES (147, 50, 'SQL Server 2012/2014 Performance Tuning All Up', NULL, 3, NULL);
INSERT INTO dbo.PotentialLecture ([pk_PotentialLecture], [fk_Presenter], [PotentialLectureTitle], [fk_Organizer], [fk_DifficultyLevel], [fk_Domain]) VALUES (148, 50, 'SQL Server 2014 New Features', NULL, 3, NULL);
INSERT INTO dbo.PotentialLecture ([pk_PotentialLecture], [fk_Presenter], [PotentialLectureTitle], [fk_Organizer], [fk_DifficultyLevel], [fk_Domain]) VALUES (149, 51, 'PowerShell Basics for SQLServer', NULL, 2, NULL);
INSERT INTO dbo.PotentialLecture ([pk_PotentialLecture], [fk_Presenter], [PotentialLectureTitle], [fk_Organizer], [fk_DifficultyLevel], [fk_Domain]) VALUES (150, 51, 'Automating SQL Server using PowerShell', NULL, 3, NULL);
INSERT INTO dbo.PotentialLecture ([pk_PotentialLecture], [fk_Presenter], [PotentialLectureTitle], [fk_Organizer], [fk_DifficultyLevel], [fk_Domain]) VALUES (151, 52, 'An Introduction to Database Design', NULL, 2, NULL);
INSERT INTO dbo.PotentialLecture ([pk_PotentialLecture], [fk_Presenter], [PotentialLectureTitle], [fk_Organizer], [fk_DifficultyLevel], [fk_Domain]) VALUES (152, 52, 'Database Modeling and Design', NULL, 3, NULL);

COMMIT;

SET IDENTITY_INSERT dbo.PotentialLecture OFF
-- -----------------------------------------------------
-- Data for table dbo.Class
-- -----------------------------------------------------

SET IDENTITY_INSERT dbo.Class ON

BEGIN TRANSACTION;

INSERT INTO dbo.Class ([pk_Class], [ClassDuration], [fk_PotentialLecture]) VALUES (1, 60, 1);
INSERT INTO dbo.Class ([pk_Class], [ClassDuration], [fk_PotentialLecture]) VALUES (2, 60, 2);
INSERT INTO dbo.Class ([pk_Class], [ClassDuration], [fk_PotentialLecture]) VALUES (3, 60, 3);
INSERT INTO dbo.Class ([pk_Class], [ClassDuration], [fk_PotentialLecture]) VALUES (4, 60, 4);
INSERT INTO dbo.Class ([pk_Class], [ClassDuration], [fk_PotentialLecture]) VALUES (5, 60, 5);
INSERT INTO dbo.Class ([pk_Class], [ClassDuration], [fk_PotentialLecture]) VALUES (6, 60, 6);
INSERT INTO dbo.Class ([pk_Class], [ClassDuration], [fk_PotentialLecture]) VALUES (7, 60, 7);
INSERT INTO dbo.Class ([pk_Class], [ClassDuration], [fk_PotentialLecture]) VALUES (8, 60, 8);
INSERT INTO dbo.Class ([pk_Class], [ClassDuration], [fk_PotentialLecture]) VALUES (9, 60, 9);
INSERT INTO dbo.Class ([pk_Class], [ClassDuration], [fk_PotentialLecture]) VALUES (10, 60, 10);
INSERT INTO dbo.Class ([pk_Class], [ClassDuration], [fk_PotentialLecture]) VALUES (11, 60, 11);
INSERT INTO dbo.Class ([pk_Class], [ClassDuration], [fk_PotentialLecture]) VALUES (12, 60, 12);
INSERT INTO dbo.Class ([pk_Class], [ClassDuration], [fk_PotentialLecture]) VALUES (13, 60, 13);
INSERT INTO dbo.Class ([pk_Class], [ClassDuration], [fk_PotentialLecture]) VALUES (14, 60, 14);
INSERT INTO dbo.Class ([pk_Class], [ClassDuration], [fk_PotentialLecture]) VALUES (15, 60, 15);
INSERT INTO dbo.Class ([pk_Class], [ClassDuration], [fk_PotentialLecture]) VALUES (16, 60, 16);
INSERT INTO dbo.Class ([pk_Class], [ClassDuration], [fk_PotentialLecture]) VALUES (17, 60, 17);
INSERT INTO dbo.Class ([pk_Class], [ClassDuration], [fk_PotentialLecture]) VALUES (18, 60, 18);
INSERT INTO dbo.Class ([pk_Class], [ClassDuration], [fk_PotentialLecture]) VALUES (19, 60, 19);
INSERT INTO dbo.Class ([pk_Class], [ClassDuration], [fk_PotentialLecture]) VALUES (20, 60, 20);
INSERT INTO dbo.Class ([pk_Class], [ClassDuration], [fk_PotentialLecture]) VALUES (21, 60, 21);
INSERT INTO dbo.Class ([pk_Class], [ClassDuration], [fk_PotentialLecture]) VALUES (23, 60, 23);
INSERT INTO dbo.Class ([pk_Class], [ClassDuration], [fk_PotentialLecture]) VALUES (24, 60, 24);
INSERT INTO dbo.Class ([pk_Class], [ClassDuration], [fk_PotentialLecture]) VALUES (25, 60, 25);
INSERT INTO dbo.Class ([pk_Class], [ClassDuration], [fk_PotentialLecture]) VALUES (26, 60, 26);
INSERT INTO dbo.Class ([pk_Class], [ClassDuration], [fk_PotentialLecture]) VALUES (27, 60, 27);
INSERT INTO dbo.Class ([pk_Class], [ClassDuration], [fk_PotentialLecture]) VALUES (28, 60, 28);
INSERT INTO dbo.Class ([pk_Class], [ClassDuration], [fk_PotentialLecture]) VALUES (29, 60, 29);
INSERT INTO dbo.Class ([pk_Class], [ClassDuration], [fk_PotentialLecture]) VALUES (30, 60, 30);
INSERT INTO dbo.Class ([pk_Class], [ClassDuration], [fk_PotentialLecture]) VALUES (31, 60, 31);
INSERT INTO dbo.Class ([pk_Class], [ClassDuration], [fk_PotentialLecture]) VALUES (32, 60, 32);
INSERT INTO dbo.Class ([pk_Class], [ClassDuration], [fk_PotentialLecture]) VALUES (33, 60, 33);
INSERT INTO dbo.Class ([pk_Class], [ClassDuration], [fk_PotentialLecture]) VALUES (34, 60, 34);
INSERT INTO dbo.Class ([pk_Class], [ClassDuration], [fk_PotentialLecture]) VALUES (35, 60, 35);
INSERT INTO dbo.Class ([pk_Class], [ClassDuration], [fk_PotentialLecture]) VALUES (36, 60, 36);
INSERT INTO dbo.Class ([pk_Class], [ClassDuration], [fk_PotentialLecture]) VALUES (37, 60, 37);
INSERT INTO dbo.Class ([pk_Class], [ClassDuration], [fk_PotentialLecture]) VALUES (38, 60, 38);
INSERT INTO dbo.Class ([pk_Class], [ClassDuration], [fk_PotentialLecture]) VALUES (39, 60, 39);
INSERT INTO dbo.Class ([pk_Class], [ClassDuration], [fk_PotentialLecture]) VALUES (40, 60, 40);
INSERT INTO dbo.Class ([pk_Class], [ClassDuration], [fk_PotentialLecture]) VALUES (41, 60, 41);
INSERT INTO dbo.Class ([pk_Class], [ClassDuration], [fk_PotentialLecture]) VALUES (42, 60, 42);
INSERT INTO dbo.Class ([pk_Class], [ClassDuration], [fk_PotentialLecture]) VALUES (43, 60, 43);
INSERT INTO dbo.Class ([pk_Class], [ClassDuration], [fk_PotentialLecture]) VALUES (44, 60, 44);
INSERT INTO dbo.Class ([pk_Class], [ClassDuration], [fk_PotentialLecture]) VALUES (45, 60, 45);
INSERT INTO dbo.Class ([pk_Class], [ClassDuration], [fk_PotentialLecture]) VALUES (46, 60, 46);
INSERT INTO dbo.Class ([pk_Class], [ClassDuration], [fk_PotentialLecture]) VALUES (47, 60, 47);
INSERT INTO dbo.Class ([pk_Class], [ClassDuration], [fk_PotentialLecture]) VALUES (48, 60, 48);
INSERT INTO dbo.Class ([pk_Class], [ClassDuration], [fk_PotentialLecture]) VALUES (49, 60, 49);
INSERT INTO dbo.Class ([pk_Class], [ClassDuration], [fk_PotentialLecture]) VALUES (50, 60, 50);
INSERT INTO dbo.Class ([pk_Class], [ClassDuration], [fk_PotentialLecture]) VALUES (52, 60, 52);
INSERT INTO dbo.Class ([pk_Class], [ClassDuration], [fk_PotentialLecture]) VALUES (53, 60, 53);
INSERT INTO dbo.Class ([pk_Class], [ClassDuration], [fk_PotentialLecture]) VALUES (54, 60, 54);
INSERT INTO dbo.Class ([pk_Class], [ClassDuration], [fk_PotentialLecture]) VALUES (55, 60, 55);
INSERT INTO dbo.Class ([pk_Class], [ClassDuration], [fk_PotentialLecture]) VALUES (56, 60, 56);
INSERT INTO dbo.Class ([pk_Class], [ClassDuration], [fk_PotentialLecture]) VALUES (57, 60, 57);
INSERT INTO dbo.Class ([pk_Class], [ClassDuration], [fk_PotentialLecture]) VALUES (58, 60, 58);
INSERT INTO dbo.Class ([pk_Class], [ClassDuration], [fk_PotentialLecture]) VALUES (59, 60, 59);
INSERT INTO dbo.Class ([pk_Class], [ClassDuration], [fk_PotentialLecture]) VALUES (60, 60, 60);
INSERT INTO dbo.Class ([pk_Class], [ClassDuration], [fk_PotentialLecture]) VALUES (61, 60, 61);
INSERT INTO dbo.Class ([pk_Class], [ClassDuration], [fk_PotentialLecture]) VALUES (63, 60, 63);
INSERT INTO dbo.Class ([pk_Class], [ClassDuration], [fk_PotentialLecture]) VALUES (64, 60, 64);
INSERT INTO dbo.Class ([pk_Class], [ClassDuration], [fk_PotentialLecture]) VALUES (65, 60, 65);
INSERT INTO dbo.Class ([pk_Class], [ClassDuration], [fk_PotentialLecture]) VALUES (66, 60, 66);
INSERT INTO dbo.Class ([pk_Class], [ClassDuration], [fk_PotentialLecture]) VALUES (67, 60, 67);
INSERT INTO dbo.Class ([pk_Class], [ClassDuration], [fk_PotentialLecture]) VALUES (68, 60, 68);
INSERT INTO dbo.Class ([pk_Class], [ClassDuration], [fk_PotentialLecture]) VALUES (69, 60, 69);
INSERT INTO dbo.Class ([pk_Class], [ClassDuration], [fk_PotentialLecture]) VALUES (70, 60, 70);
INSERT INTO dbo.Class ([pk_Class], [ClassDuration], [fk_PotentialLecture]) VALUES (71, 60, 71);
INSERT INTO dbo.Class ([pk_Class], [ClassDuration], [fk_PotentialLecture]) VALUES (72, 60, 72);
INSERT INTO dbo.Class ([pk_Class], [ClassDuration], [fk_PotentialLecture]) VALUES (73, 60, 73);
INSERT INTO dbo.Class ([pk_Class], [ClassDuration], [fk_PotentialLecture]) VALUES (74, 60, 74);
INSERT INTO dbo.Class ([pk_Class], [ClassDuration], [fk_PotentialLecture]) VALUES (75, 60, 75);
INSERT INTO dbo.Class ([pk_Class], [ClassDuration], [fk_PotentialLecture]) VALUES (76, 60, 76);
INSERT INTO dbo.Class ([pk_Class], [ClassDuration], [fk_PotentialLecture]) VALUES (77, 60, 77);
INSERT INTO dbo.Class ([pk_Class], [ClassDuration], [fk_PotentialLecture]) VALUES (78, 60, 78);
INSERT INTO dbo.Class ([pk_Class], [ClassDuration], [fk_PotentialLecture]) VALUES (79, 60, 79);
INSERT INTO dbo.Class ([pk_Class], [ClassDuration], [fk_PotentialLecture]) VALUES (80, 60, 80);
INSERT INTO dbo.Class ([pk_Class], [ClassDuration], [fk_PotentialLecture]) VALUES (81, 60, 81);
INSERT INTO dbo.Class ([pk_Class], [ClassDuration], [fk_PotentialLecture]) VALUES (82, 60, 82);
INSERT INTO dbo.Class ([pk_Class], [ClassDuration], [fk_PotentialLecture]) VALUES (83, 60, 83);
INSERT INTO dbo.Class ([pk_Class], [ClassDuration], [fk_PotentialLecture]) VALUES (84, 60, 84);
INSERT INTO dbo.Class ([pk_Class], [ClassDuration], [fk_PotentialLecture]) VALUES (85, 60, 85);
INSERT INTO dbo.Class ([pk_Class], [ClassDuration], [fk_PotentialLecture]) VALUES (86, 60, 86);
INSERT INTO dbo.Class ([pk_Class], [ClassDuration], [fk_PotentialLecture]) VALUES (87, 60, 87);
INSERT INTO dbo.Class ([pk_Class], [ClassDuration], [fk_PotentialLecture]) VALUES (88, 60, 88);
INSERT INTO dbo.Class ([pk_Class], [ClassDuration], [fk_PotentialLecture]) VALUES (89, 60, 89);
INSERT INTO dbo.Class ([pk_Class], [ClassDuration], [fk_PotentialLecture]) VALUES (90, 60, 90);
INSERT INTO dbo.Class ([pk_Class], [ClassDuration], [fk_PotentialLecture]) VALUES (91, 60, 91);
INSERT INTO dbo.Class ([pk_Class], [ClassDuration], [fk_PotentialLecture]) VALUES (92, 60, 92);
INSERT INTO dbo.Class ([pk_Class], [ClassDuration], [fk_PotentialLecture]) VALUES (93, 60, 93);
INSERT INTO dbo.Class ([pk_Class], [ClassDuration], [fk_PotentialLecture]) VALUES (94, 60, 94);
INSERT INTO dbo.Class ([pk_Class], [ClassDuration], [fk_PotentialLecture]) VALUES (95, 60, 95);
INSERT INTO dbo.Class ([pk_Class], [ClassDuration], [fk_PotentialLecture]) VALUES (96, 60, 96);
INSERT INTO dbo.Class ([pk_Class], [ClassDuration], [fk_PotentialLecture]) VALUES (97, 60, 97);
INSERT INTO dbo.Class ([pk_Class], [ClassDuration], [fk_PotentialLecture]) VALUES (98, 60, 98);
INSERT INTO dbo.Class ([pk_Class], [ClassDuration], [fk_PotentialLecture]) VALUES (99, 60, 99);
INSERT INTO dbo.Class ([pk_Class], [ClassDuration], [fk_PotentialLecture]) VALUES (100, 60, 100);
INSERT INTO dbo.Class ([pk_Class], [ClassDuration], [fk_PotentialLecture]) VALUES (101, 60, 101);
INSERT INTO dbo.Class ([pk_Class], [ClassDuration], [fk_PotentialLecture]) VALUES (102, 60, 102);
INSERT INTO dbo.Class ([pk_Class], [ClassDuration], [fk_PotentialLecture]) VALUES (103, 60, 103);
INSERT INTO dbo.Class ([pk_Class], [ClassDuration], [fk_PotentialLecture]) VALUES (104, 60, 104);
INSERT INTO dbo.Class ([pk_Class], [ClassDuration], [fk_PotentialLecture]) VALUES (105, 60, 105);
INSERT INTO dbo.Class ([pk_Class], [ClassDuration], [fk_PotentialLecture]) VALUES (106, 60, 106);
INSERT INTO dbo.Class ([pk_Class], [ClassDuration], [fk_PotentialLecture]) VALUES (107, 60, 107);
INSERT INTO dbo.Class ([pk_Class], [ClassDuration], [fk_PotentialLecture]) VALUES (108, 60, 108);
INSERT INTO dbo.Class ([pk_Class], [ClassDuration], [fk_PotentialLecture]) VALUES (109, 60, 109);
INSERT INTO dbo.Class ([pk_Class], [ClassDuration], [fk_PotentialLecture]) VALUES (110, 60, 110);
INSERT INTO dbo.Class ([pk_Class], [ClassDuration], [fk_PotentialLecture]) VALUES (111, 60, 111);
INSERT INTO dbo.Class ([pk_Class], [ClassDuration], [fk_PotentialLecture]) VALUES (112, 60, 112);
INSERT INTO dbo.Class ([pk_Class], [ClassDuration], [fk_PotentialLecture]) VALUES (113, 60, 113);
INSERT INTO dbo.Class ([pk_Class], [ClassDuration], [fk_PotentialLecture]) VALUES (114, 60, 114);
INSERT INTO dbo.Class ([pk_Class], [ClassDuration], [fk_PotentialLecture]) VALUES (115, 60, 115);
INSERT INTO dbo.Class ([pk_Class], [ClassDuration], [fk_PotentialLecture]) VALUES (116, 60, 116);
INSERT INTO dbo.Class ([pk_Class], [ClassDuration], [fk_PotentialLecture]) VALUES (117, 60, 117);
INSERT INTO dbo.Class ([pk_Class], [ClassDuration], [fk_PotentialLecture]) VALUES (118, 60, 118);
INSERT INTO dbo.Class ([pk_Class], [ClassDuration], [fk_PotentialLecture]) VALUES (119, 60, 119);
INSERT INTO dbo.Class ([pk_Class], [ClassDuration], [fk_PotentialLecture]) VALUES (120, 60, 120);
INSERT INTO dbo.Class ([pk_Class], [ClassDuration], [fk_PotentialLecture]) VALUES (121, 60, 121);
INSERT INTO dbo.Class ([pk_Class], [ClassDuration], [fk_PotentialLecture]) VALUES (122, 60, 122);
INSERT INTO dbo.Class ([pk_Class], [ClassDuration], [fk_PotentialLecture]) VALUES (123, 60, 123);
INSERT INTO dbo.Class ([pk_Class], [ClassDuration], [fk_PotentialLecture]) VALUES (124, 60, 124);
INSERT INTO dbo.Class ([pk_Class], [ClassDuration], [fk_PotentialLecture]) VALUES (125, 60, 125);
INSERT INTO dbo.Class ([pk_Class], [ClassDuration], [fk_PotentialLecture]) VALUES (126, 60, 126);
INSERT INTO dbo.Class ([pk_Class], [ClassDuration], [fk_PotentialLecture]) VALUES (127, 60, 127);
INSERT INTO dbo.Class ([pk_Class], [ClassDuration], [fk_PotentialLecture]) VALUES (128, 60, 128);
INSERT INTO dbo.Class ([pk_Class], [ClassDuration], [fk_PotentialLecture]) VALUES (131, 60, 131);
INSERT INTO dbo.Class ([pk_Class], [ClassDuration], [fk_PotentialLecture]) VALUES (132, 60, 132);
INSERT INTO dbo.Class ([pk_Class], [ClassDuration], [fk_PotentialLecture]) VALUES (133, 60, 133);
INSERT INTO dbo.Class ([pk_Class], [ClassDuration], [fk_PotentialLecture]) VALUES (134, 60, 134);
INSERT INTO dbo.Class ([pk_Class], [ClassDuration], [fk_PotentialLecture]) VALUES (135, 60, 135);
INSERT INTO dbo.Class ([pk_Class], [ClassDuration], [fk_PotentialLecture]) VALUES (136, 60, 136);
INSERT INTO dbo.Class ([pk_Class], [ClassDuration], [fk_PotentialLecture]) VALUES (137, 60, 137);
INSERT INTO dbo.Class ([pk_Class], [ClassDuration], [fk_PotentialLecture]) VALUES (138, 60, 138);
INSERT INTO dbo.Class ([pk_Class], [ClassDuration], [fk_PotentialLecture]) VALUES (139, 60, 139);
INSERT INTO dbo.Class ([pk_Class], [ClassDuration], [fk_PotentialLecture]) VALUES (140, 60, 140);
INSERT INTO dbo.Class ([pk_Class], [ClassDuration], [fk_PotentialLecture]) VALUES (141, 60, 141);
INSERT INTO dbo.Class ([pk_Class], [ClassDuration], [fk_PotentialLecture]) VALUES (142, 60, 142);
INSERT INTO dbo.Class ([pk_Class], [ClassDuration], [fk_PotentialLecture]) VALUES (143, 60, 143);
INSERT INTO dbo.Class ([pk_Class], [ClassDuration], [fk_PotentialLecture]) VALUES (144, 60, 144);
INSERT INTO dbo.Class ([pk_Class], [ClassDuration], [fk_PotentialLecture]) VALUES (145, 60, 145);
INSERT INTO dbo.Class ([pk_Class], [ClassDuration], [fk_PotentialLecture]) VALUES (146, 60, 146);
INSERT INTO dbo.Class ([pk_Class], [ClassDuration], [fk_PotentialLecture]) VALUES (147, 60, 147);
INSERT INTO dbo.Class ([pk_Class], [ClassDuration], [fk_PotentialLecture]) VALUES (148, 60, 148);
INSERT INTO dbo.Class ([pk_Class], [ClassDuration], [fk_PotentialLecture]) VALUES (149, 60, 149);
INSERT INTO dbo.Class ([pk_Class], [ClassDuration], [fk_PotentialLecture]) VALUES (150, 60, 150);
INSERT INTO dbo.Class ([pk_Class], [ClassDuration], [fk_PotentialLecture]) VALUES (151, 60, 151);
INSERT INTO dbo.Class ([pk_Class], [ClassDuration], [fk_PotentialLecture]) VALUES (152, 60, 152);

COMMIT;

SET IDENTITY_INSERT dbo.Class OFF
-- -----------------------------------------------------
-- Data for table dbo.Email
-- -----------------------------------------------------

BEGIN TRANSACTION;

INSERT INTO dbo.Email ([pk_Email], [fk_Attendee]) VALUES ('ALong@gmail.com', 1);
INSERT INTO dbo.Email ([pk_Email], [fk_Attendee]) VALUES ('CShan@gmail.com', 2);
INSERT INTO dbo.Email ([pk_Email], [fk_Attendee]) VALUES ('TSara@gmail.com', 3);
INSERT INTO dbo.Email ([pk_Email], [fk_Attendee]) VALUES ('KBaker@gmail.com', 4);
INSERT INTO dbo.Email ([pk_Email], [fk_Attendee]) VALUES ('SMa@gmail.com', 5);
INSERT INTO dbo.Email ([pk_Email], [fk_Attendee]) VALUES ('AJones@gmail.com', 6);
INSERT INTO dbo.Email ([pk_Email], [fk_Attendee]) VALUES ('CBaker@gmail.com', 7);
INSERT INTO dbo.Email ([pk_Email], [fk_Attendee]) VALUES ('TMunoz@gmail.com', 8);
INSERT INTO dbo.Email ([pk_Email], [fk_Attendee]) VALUES ('TGill@gmail.com', 9);
INSERT INTO dbo.Email ([pk_Email], [fk_Attendee]) VALUES ('ALee@gmail.com', 10);
INSERT INTO dbo.Email ([pk_Email], [fk_Attendee]) VALUES ('ESuri@gmail.com', 11);
INSERT INTO dbo.Email ([pk_Email], [fk_Attendee]) VALUES ('MEvans@gmail.com', 12);
INSERT INTO dbo.Email ([pk_Email], [fk_Attendee]) VALUES ('MClark@gmail.com', 13);
INSERT INTO dbo.Email ([pk_Email], [fk_Attendee]) VALUES ('GXu@gmail.com', 14);
INSERT INTO dbo.Email ([pk_Email], [fk_Attendee]) VALUES ('PRubio@gmail.com', 15);
INSERT INTO dbo.Email ([pk_Email], [fk_Attendee]) VALUES ('JIsla@gmail.com', 16);
INSERT INTO dbo.Email ([pk_Email], [fk_Attendee]) VALUES ('JScott@gmail.com', 17);
INSERT INTO dbo.Email ([pk_Email], [fk_Attendee]) VALUES ('NSanz@gmail.com', 18);
INSERT INTO dbo.Email ([pk_Email], [fk_Attendee]) VALUES ('ILee@gmail.com', 19);
INSERT INTO dbo.Email ([pk_Email], [fk_Attendee]) VALUES ('DYuan@gmail.com', 20);
INSERT INTO dbo.Email ([pk_Email], [fk_Attendee]) VALUES ('OBlue@gmail.com', 21);
INSERT INTO dbo.Email ([pk_Email], [fk_Attendee]) VALUES ('ELopez@gmail.com', 22);
INSERT INTO dbo.Email ([pk_Email], [fk_Attendee]) VALUES ('NYang@gmail.com', 23);
INSERT INTO dbo.Email ([pk_Email], [fk_Attendee]) VALUES ('GWood@gmail.com', 24);
INSERT INTO dbo.Email ([pk_Email], [fk_Attendee]) VALUES ('KAnand@gmail.com', 25);
INSERT INTO dbo.Email ([pk_Email], [fk_Attendee]) VALUES ('AJones@yahoo.com', 26);
INSERT INTO dbo.Email ([pk_Email], [fk_Attendee]) VALUES ('NReed@gmail.com', 27);
INSERT INTO dbo.Email ([pk_Email], [fk_Attendee]) VALUES ('DRoss@gmail.com', 28);
INSERT INTO dbo.Email ([pk_Email], [fk_Attendee]) VALUES ('SGoel@gmail.com', 29);
INSERT INTO dbo.Email ([pk_Email], [fk_Attendee]) VALUES ('NDiaz@gmail.com', 30);
INSERT INTO dbo.Email ([pk_Email], [fk_Attendee]) VALUES ('WDavis@gmail.com', 31);
INSERT INTO dbo.Email ([pk_Email], [fk_Attendee]) VALUES ('CHuang@gmail.com', 32);
INSERT INTO dbo.Email ([pk_Email], [fk_Attendee]) VALUES ('SEvans@gmail.com', 33);
INSERT INTO dbo.Email ([pk_Email], [fk_Attendee]) VALUES ('KBaker@yahoo.com', 34);
INSERT INTO dbo.Email ([pk_Email], [fk_Attendee]) VALUES ('EWood@gmail.com', 35);
INSERT INTO dbo.Email ([pk_Email], [fk_Attendee]) VALUES ('JRai@gmail.com', 36);
INSERT INTO dbo.Email ([pk_Email], [fk_Attendee]) VALUES ('EMoore@gmail.com', 37);
INSERT INTO dbo.Email ([pk_Email], [fk_Attendee]) VALUES ('RYang@gmail.com', 38);
INSERT INTO dbo.Email ([pk_Email], [fk_Attendee]) VALUES ('RRuiz@gmail.com', 39);
INSERT INTO dbo.Email ([pk_Email], [fk_Attendee]) VALUES ('MSun@gmail.com', 40);
INSERT INTO dbo.Email ([pk_Email], [fk_Attendee]) VALUES ('GPerez@gmail.com', 41);
INSERT INTO dbo.Email ([pk_Email], [fk_Attendee]) VALUES ('EGill@gmail.com', 42);
INSERT INTO dbo.Email ([pk_Email], [fk_Attendee]) VALUES ('KShen@gmail.com', 43);
INSERT INTO dbo.Email ([pk_Email], [fk_Attendee]) VALUES ('SYuan@gmail.com', 44);
INSERT INTO dbo.Email ([pk_Email], [fk_Attendee]) VALUES ('VLee@gmail.com', 45);
INSERT INTO dbo.Email ([pk_Email], [fk_Attendee]) VALUES ('BArun@gmail.com', 46);
INSERT INTO dbo.Email ([pk_Email], [fk_Attendee]) VALUES ('AScott@gmail.com', 47);
INSERT INTO dbo.Email ([pk_Email], [fk_Attendee]) VALUES ('YLuo@gmail.com', 48);
INSERT INTO dbo.Email ([pk_Email], [fk_Attendee]) VALUES ('MVance@gmail.com', 49);
INSERT INTO dbo.Email ([pk_Email], [fk_Attendee]) VALUES ('JRoberts@yahoo.com', 50);
INSERT INTO dbo.Email ([pk_Email], [fk_Attendee]) VALUES ('ARamirez@gmail.com', 51);
INSERT INTO dbo.Email ([pk_Email], [fk_Attendee]) VALUES ('JNelson@yahoo.com', 52);
INSERT INTO dbo.Email ([pk_Email], [fk_Attendee]) VALUES ('HWright@yahoo.com', 53);
INSERT INTO dbo.Email ([pk_Email], [fk_Attendee]) VALUES ('SWright@yahoo.com', 54);
INSERT INTO dbo.Email ([pk_Email], [fk_Attendee]) VALUES ('SSimmons@yahoo.com', 55);
INSERT INTO dbo.Email ([pk_Email], [fk_Attendee]) VALUES ('MSamant@yahoo.com', 56);
INSERT INTO dbo.Email ([pk_Email], [fk_Attendee]) VALUES ('IRogers@yahoo.com', 57);
INSERT INTO dbo.Email ([pk_Email], [fk_Attendee]) VALUES ('IFoster@yahoo.com', 58);
INSERT INTO dbo.Email ([pk_Email], [fk_Attendee]) VALUES ('BMiller@yahoo.com', 59);
INSERT INTO dbo.Email ([pk_Email], [fk_Attendee]) VALUES ('SBarnes@yahoo.com', 60);
INSERT INTO dbo.Email ([pk_Email], [fk_Attendee]) VALUES ('CMartin@yahoo.com', 61);
INSERT INTO dbo.Email ([pk_Email], [fk_Attendee]) VALUES ('VMurphy@yahoo.com', 62);
INSERT INTO dbo.Email ([pk_Email], [fk_Attendee]) VALUES ('SRogers@yahoo.com', 63);
INSERT INTO dbo.Email ([pk_Email], [fk_Attendee]) VALUES ('MHernandez@yahoo.com', 64);
INSERT INTO dbo.Email ([pk_Email], [fk_Attendee]) VALUES ('CCarter@yahoo.com', 65);
INSERT INTO dbo.Email ([pk_Email], [fk_Attendee]) VALUES ('RGarcia@yahoo.com', 66);
INSERT INTO dbo.Email ([pk_Email], [fk_Attendee]) VALUES ('HHenderson@yahoo.com', 67);
INSERT INTO dbo.Email ([pk_Email], [fk_Attendee]) VALUES ('JTaylor@yahoo.com', 68);
INSERT INTO dbo.Email ([pk_Email], [fk_Attendee]) VALUES ('SMartin@yahoo.com', 69);
INSERT INTO dbo.Email ([pk_Email], [fk_Attendee]) VALUES ('LSuarez@yahoo.com', 70);
INSERT INTO dbo.Email ([pk_Email], [fk_Attendee]) VALUES ('GVargas@yahoo.com', 71);
INSERT INTO dbo.Email ([pk_Email], [fk_Attendee]) VALUES ('AMartinez@yahoo.com', 72);
INSERT INTO dbo.Email ([pk_Email], [fk_Attendee]) VALUES ('JThomas@yahoo.com', 73);
INSERT INTO dbo.Email ([pk_Email], [fk_Attendee]) VALUES ('EMartinez@yahoo.com', 74);
INSERT INTO dbo.Email ([pk_Email], [fk_Attendee]) VALUES ('PChapman@yahoo.com', 75);
INSERT INTO dbo.Email ([pk_Email], [fk_Attendee]) VALUES ('KGriffin@yahoo.com', 76);
INSERT INTO dbo.Email ([pk_Email], [fk_Attendee]) VALUES ('JNavarro@yahoo.com', 77);
INSERT INTO dbo.Email ([pk_Email], [fk_Attendee]) VALUES ('NWalker@yahoo.com', 78);
INSERT INTO dbo.Email ([pk_Email], [fk_Attendee]) VALUES ('TMoreno@yahoo.com', 79);
INSERT INTO dbo.Email ([pk_Email], [fk_Attendee]) VALUES ('MSanchez@yahoo.com', 80);
INSERT INTO dbo.Email ([pk_Email], [fk_Attendee]) VALUES ('NNavarro@yahoo.com', 81);
INSERT INTO dbo.Email ([pk_Email], [fk_Attendee]) VALUES ('KRussell@yahoo.com', 82);
INSERT INTO dbo.Email ([pk_Email], [fk_Attendee]) VALUES ('KRivera@yahoo.com', 83);
INSERT INTO dbo.Email ([pk_Email], [fk_Attendee]) VALUES ('AOrtega@yahoo.com', 84);
INSERT INTO dbo.Email ([pk_Email], [fk_Attendee]) VALUES ('ACampbell@yahoo.com', 85);
INSERT INTO dbo.Email ([pk_Email], [fk_Attendee]) VALUES ('JPeterson@yahoo.com', 86);
INSERT INTO dbo.Email ([pk_Email], [fk_Attendee]) VALUES ('ARamirez@yahoo.com', 87);
INSERT INTO dbo.Email ([pk_Email], [fk_Attendee]) VALUES ('MSharma@yahoo.com', 88);
INSERT INTO dbo.Email ([pk_Email], [fk_Attendee]) VALUES ('ACollins@yahoo.com', 89);
INSERT INTO dbo.Email ([pk_Email], [fk_Attendee]) VALUES ('TMartin@yahoo.com', 90);
INSERT INTO dbo.Email ([pk_Email], [fk_Attendee]) VALUES ('GCollins@yahoo.com', 91);
INSERT INTO dbo.Email ([pk_Email], [fk_Attendee]) VALUES ('RMartin@yahoo.com', 92);
INSERT INTO dbo.Email ([pk_Email], [fk_Attendee]) VALUES ('SJenkins@yahoo.com', 93);
INSERT INTO dbo.Email ([pk_Email], [fk_Attendee]) VALUES ('JSimmons@yahoo.com', 94);
INSERT INTO dbo.Email ([pk_Email], [fk_Attendee]) VALUES ('EWinston@yahoo.com', 95);
INSERT INTO dbo.Email ([pk_Email], [fk_Attendee]) VALUES ('HRoberts@yahoo.com', 96);
INSERT INTO dbo.Email ([pk_Email], [fk_Attendee]) VALUES ('NMurphy@yahoo.com', 97);
INSERT INTO dbo.Email ([pk_Email], [fk_Attendee]) VALUES ('CWilson@yahoo.com', 98);
INSERT INTO dbo.Email ([pk_Email], [fk_Attendee]) VALUES ('CAlvarez@yahoo.com', 99);
INSERT INTO dbo.Email ([pk_Email], [fk_Attendee]) VALUES ('PAlexander@yahoo.com', 100);

COMMIT;

-- -----------------------------------------------------
-- Data for table dbo.SQLSaturdayHasClass
-- -----------------------------------------------------

BEGIN TRANSACTION;

INSERT INTO dbo.SQLSaturdayHasClass ([pk_fk_SQLSaturday], [pk_fk_Class]) VALUES (626, 1);
INSERT INTO dbo.SQLSaturdayHasClass ([pk_fk_SQLSaturday], [pk_fk_Class]) VALUES (588, 2);
INSERT INTO dbo.SQLSaturdayHasClass ([pk_fk_SQLSaturday], [pk_fk_Class]) VALUES (588, 3);
INSERT INTO dbo.SQLSaturdayHasClass ([pk_fk_SQLSaturday], [pk_fk_Class]) VALUES (588, 4);
INSERT INTO dbo.SQLSaturdayHasClass ([pk_fk_SQLSaturday], [pk_fk_Class]) VALUES (588, 5);
INSERT INTO dbo.SQLSaturdayHasClass ([pk_fk_SQLSaturday], [pk_fk_Class]) VALUES (588, 6);
INSERT INTO dbo.SQLSaturdayHasClass ([pk_fk_SQLSaturday], [pk_fk_Class]) VALUES (626, 7);
INSERT INTO dbo.SQLSaturdayHasClass ([pk_fk_SQLSaturday], [pk_fk_Class]) VALUES (616, 8);
INSERT INTO dbo.SQLSaturdayHasClass ([pk_fk_SQLSaturday], [pk_fk_Class]) VALUES (626, 9);
INSERT INTO dbo.SQLSaturdayHasClass ([pk_fk_SQLSaturday], [pk_fk_Class]) VALUES (588, 10);
INSERT INTO dbo.SQLSaturdayHasClass ([pk_fk_SQLSaturday], [pk_fk_Class]) VALUES (616, 11);
INSERT INTO dbo.SQLSaturdayHasClass ([pk_fk_SQLSaturday], [pk_fk_Class]) VALUES (626, 12);
INSERT INTO dbo.SQLSaturdayHasClass ([pk_fk_SQLSaturday], [pk_fk_Class]) VALUES (626, 13);
INSERT INTO dbo.SQLSaturdayHasClass ([pk_fk_SQLSaturday], [pk_fk_Class]) VALUES (588, 14);
INSERT INTO dbo.SQLSaturdayHasClass ([pk_fk_SQLSaturday], [pk_fk_Class]) VALUES (626, 15);
INSERT INTO dbo.SQLSaturdayHasClass ([pk_fk_SQLSaturday], [pk_fk_Class]) VALUES (626, 16);
INSERT INTO dbo.SQLSaturdayHasClass ([pk_fk_SQLSaturday], [pk_fk_Class]) VALUES (626, 17);
INSERT INTO dbo.SQLSaturdayHasClass ([pk_fk_SQLSaturday], [pk_fk_Class]) VALUES (616, 18);
INSERT INTO dbo.SQLSaturdayHasClass ([pk_fk_SQLSaturday], [pk_fk_Class]) VALUES (616, 19);
INSERT INTO dbo.SQLSaturdayHasClass ([pk_fk_SQLSaturday], [pk_fk_Class]) VALUES (588, 20);
INSERT INTO dbo.SQLSaturdayHasClass ([pk_fk_SQLSaturday], [pk_fk_Class]) VALUES (588, 21);
INSERT INTO dbo.SQLSaturdayHasClass ([pk_fk_SQLSaturday], [pk_fk_Class]) VALUES (616, 21);
INSERT INTO dbo.SQLSaturdayHasClass ([pk_fk_SQLSaturday], [pk_fk_Class]) VALUES (588, 23);
INSERT INTO dbo.SQLSaturdayHasClass ([pk_fk_SQLSaturday], [pk_fk_Class]) VALUES (626, 24);
INSERT INTO dbo.SQLSaturdayHasClass ([pk_fk_SQLSaturday], [pk_fk_Class]) VALUES (626, 25);
INSERT INTO dbo.SQLSaturdayHasClass ([pk_fk_SQLSaturday], [pk_fk_Class]) VALUES (588, 26);
INSERT INTO dbo.SQLSaturdayHasClass ([pk_fk_SQLSaturday], [pk_fk_Class]) VALUES (616, 27);
INSERT INTO dbo.SQLSaturdayHasClass ([pk_fk_SQLSaturday], [pk_fk_Class]) VALUES (616, 28);
INSERT INTO dbo.SQLSaturdayHasClass ([pk_fk_SQLSaturday], [pk_fk_Class]) VALUES (616, 29);
INSERT INTO dbo.SQLSaturdayHasClass ([pk_fk_SQLSaturday], [pk_fk_Class]) VALUES (588, 30);
INSERT INTO dbo.SQLSaturdayHasClass ([pk_fk_SQLSaturday], [pk_fk_Class]) VALUES (616, 31);
INSERT INTO dbo.SQLSaturdayHasClass ([pk_fk_SQLSaturday], [pk_fk_Class]) VALUES (588, 32);
INSERT INTO dbo.SQLSaturdayHasClass ([pk_fk_SQLSaturday], [pk_fk_Class]) VALUES (616, 33);
INSERT INTO dbo.SQLSaturdayHasClass ([pk_fk_SQLSaturday], [pk_fk_Class]) VALUES (588, 34);
INSERT INTO dbo.SQLSaturdayHasClass ([pk_fk_SQLSaturday], [pk_fk_Class]) VALUES (588, 35);
INSERT INTO dbo.SQLSaturdayHasClass ([pk_fk_SQLSaturday], [pk_fk_Class]) VALUES (616, 36);
INSERT INTO dbo.SQLSaturdayHasClass ([pk_fk_SQLSaturday], [pk_fk_Class]) VALUES (588, 37);
INSERT INTO dbo.SQLSaturdayHasClass ([pk_fk_SQLSaturday], [pk_fk_Class]) VALUES (626, 38);
INSERT INTO dbo.SQLSaturdayHasClass ([pk_fk_SQLSaturday], [pk_fk_Class]) VALUES (588, 39);
INSERT INTO dbo.SQLSaturdayHasClass ([pk_fk_SQLSaturday], [pk_fk_Class]) VALUES (626, 40);
INSERT INTO dbo.SQLSaturdayHasClass ([pk_fk_SQLSaturday], [pk_fk_Class]) VALUES (626, 41);
INSERT INTO dbo.SQLSaturdayHasClass ([pk_fk_SQLSaturday], [pk_fk_Class]) VALUES (626, 42);
INSERT INTO dbo.SQLSaturdayHasClass ([pk_fk_SQLSaturday], [pk_fk_Class]) VALUES (626, 43);
INSERT INTO dbo.SQLSaturdayHasClass ([pk_fk_SQLSaturday], [pk_fk_Class]) VALUES (626, 44);
INSERT INTO dbo.SQLSaturdayHasClass ([pk_fk_SQLSaturday], [pk_fk_Class]) VALUES (616, 45);
INSERT INTO dbo.SQLSaturdayHasClass ([pk_fk_SQLSaturday], [pk_fk_Class]) VALUES (616, 46);
INSERT INTO dbo.SQLSaturdayHasClass ([pk_fk_SQLSaturday], [pk_fk_Class]) VALUES (588, 47);
INSERT INTO dbo.SQLSaturdayHasClass ([pk_fk_SQLSaturday], [pk_fk_Class]) VALUES (588, 48);
INSERT INTO dbo.SQLSaturdayHasClass ([pk_fk_SQLSaturday], [pk_fk_Class]) VALUES (588, 49);
INSERT INTO dbo.SQLSaturdayHasClass ([pk_fk_SQLSaturday], [pk_fk_Class]) VALUES (616, 49);
INSERT INTO dbo.SQLSaturdayHasClass ([pk_fk_SQLSaturday], [pk_fk_Class]) VALUES (588, 50);
INSERT INTO dbo.SQLSaturdayHasClass ([pk_fk_SQLSaturday], [pk_fk_Class]) VALUES (616, 50);
INSERT INTO dbo.SQLSaturdayHasClass ([pk_fk_SQLSaturday], [pk_fk_Class]) VALUES (588, 52);
INSERT INTO dbo.SQLSaturdayHasClass ([pk_fk_SQLSaturday], [pk_fk_Class]) VALUES (616, 53);
INSERT INTO dbo.SQLSaturdayHasClass ([pk_fk_SQLSaturday], [pk_fk_Class]) VALUES (616, 54);
INSERT INTO dbo.SQLSaturdayHasClass ([pk_fk_SQLSaturday], [pk_fk_Class]) VALUES (616, 55);
INSERT INTO dbo.SQLSaturdayHasClass ([pk_fk_SQLSaturday], [pk_fk_Class]) VALUES (626, 56);
INSERT INTO dbo.SQLSaturdayHasClass ([pk_fk_SQLSaturday], [pk_fk_Class]) VALUES (588, 57);
INSERT INTO dbo.SQLSaturdayHasClass ([pk_fk_SQLSaturday], [pk_fk_Class]) VALUES (616, 58);
INSERT INTO dbo.SQLSaturdayHasClass ([pk_fk_SQLSaturday], [pk_fk_Class]) VALUES (616, 59);
INSERT INTO dbo.SQLSaturdayHasClass ([pk_fk_SQLSaturday], [pk_fk_Class]) VALUES (616, 60);
INSERT INTO dbo.SQLSaturdayHasClass ([pk_fk_SQLSaturday], [pk_fk_Class]) VALUES (616, 61);
INSERT INTO dbo.SQLSaturdayHasClass ([pk_fk_SQLSaturday], [pk_fk_Class]) VALUES (626, 61);
INSERT INTO dbo.SQLSaturdayHasClass ([pk_fk_SQLSaturday], [pk_fk_Class]) VALUES (616, 63);
INSERT INTO dbo.SQLSaturdayHasClass ([pk_fk_SQLSaturday], [pk_fk_Class]) VALUES (626, 64);
INSERT INTO dbo.SQLSaturdayHasClass ([pk_fk_SQLSaturday], [pk_fk_Class]) VALUES (616, 65);
INSERT INTO dbo.SQLSaturdayHasClass ([pk_fk_SQLSaturday], [pk_fk_Class]) VALUES (588, 66);
INSERT INTO dbo.SQLSaturdayHasClass ([pk_fk_SQLSaturday], [pk_fk_Class]) VALUES (588, 67);
INSERT INTO dbo.SQLSaturdayHasClass ([pk_fk_SQLSaturday], [pk_fk_Class]) VALUES (626, 68);
INSERT INTO dbo.SQLSaturdayHasClass ([pk_fk_SQLSaturday], [pk_fk_Class]) VALUES (616, 69);
INSERT INTO dbo.SQLSaturdayHasClass ([pk_fk_SQLSaturday], [pk_fk_Class]) VALUES (626, 70);
INSERT INTO dbo.SQLSaturdayHasClass ([pk_fk_SQLSaturday], [pk_fk_Class]) VALUES (626, 71);
INSERT INTO dbo.SQLSaturdayHasClass ([pk_fk_SQLSaturday], [pk_fk_Class]) VALUES (616, 72);
INSERT INTO dbo.SQLSaturdayHasClass ([pk_fk_SQLSaturday], [pk_fk_Class]) VALUES (616, 73);
INSERT INTO dbo.SQLSaturdayHasClass ([pk_fk_SQLSaturday], [pk_fk_Class]) VALUES (588, 74);
INSERT INTO dbo.SQLSaturdayHasClass ([pk_fk_SQLSaturday], [pk_fk_Class]) VALUES (588, 75);
INSERT INTO dbo.SQLSaturdayHasClass ([pk_fk_SQLSaturday], [pk_fk_Class]) VALUES (588, 76);
INSERT INTO dbo.SQLSaturdayHasClass ([pk_fk_SQLSaturday], [pk_fk_Class]) VALUES (626, 77);
INSERT INTO dbo.SQLSaturdayHasClass ([pk_fk_SQLSaturday], [pk_fk_Class]) VALUES (616, 78);
INSERT INTO dbo.SQLSaturdayHasClass ([pk_fk_SQLSaturday], [pk_fk_Class]) VALUES (588, 79);
INSERT INTO dbo.SQLSaturdayHasClass ([pk_fk_SQLSaturday], [pk_fk_Class]) VALUES (626, 80);
INSERT INTO dbo.SQLSaturdayHasClass ([pk_fk_SQLSaturday], [pk_fk_Class]) VALUES (626, 81);
INSERT INTO dbo.SQLSaturdayHasClass ([pk_fk_SQLSaturday], [pk_fk_Class]) VALUES (616, 82);
INSERT INTO dbo.SQLSaturdayHasClass ([pk_fk_SQLSaturday], [pk_fk_Class]) VALUES (626, 83);
INSERT INTO dbo.SQLSaturdayHasClass ([pk_fk_SQLSaturday], [pk_fk_Class]) VALUES (588, 84);
INSERT INTO dbo.SQLSaturdayHasClass ([pk_fk_SQLSaturday], [pk_fk_Class]) VALUES (588, 85);
INSERT INTO dbo.SQLSaturdayHasClass ([pk_fk_SQLSaturday], [pk_fk_Class]) VALUES (588, 86);
INSERT INTO dbo.SQLSaturdayHasClass ([pk_fk_SQLSaturday], [pk_fk_Class]) VALUES (626, 87);
INSERT INTO dbo.SQLSaturdayHasClass ([pk_fk_SQLSaturday], [pk_fk_Class]) VALUES (616, 88);
INSERT INTO dbo.SQLSaturdayHasClass ([pk_fk_SQLSaturday], [pk_fk_Class]) VALUES (616, 89);
INSERT INTO dbo.SQLSaturdayHasClass ([pk_fk_SQLSaturday], [pk_fk_Class]) VALUES (588, 90);
INSERT INTO dbo.SQLSaturdayHasClass ([pk_fk_SQLSaturday], [pk_fk_Class]) VALUES (588, 91);
INSERT INTO dbo.SQLSaturdayHasClass ([pk_fk_SQLSaturday], [pk_fk_Class]) VALUES (616, 92);
INSERT INTO dbo.SQLSaturdayHasClass ([pk_fk_SQLSaturday], [pk_fk_Class]) VALUES (588, 93);
INSERT INTO dbo.SQLSaturdayHasClass ([pk_fk_SQLSaturday], [pk_fk_Class]) VALUES (616, 94);
INSERT INTO dbo.SQLSaturdayHasClass ([pk_fk_SQLSaturday], [pk_fk_Class]) VALUES (616, 95);
INSERT INTO dbo.SQLSaturdayHasClass ([pk_fk_SQLSaturday], [pk_fk_Class]) VALUES (588, 96);
INSERT INTO dbo.SQLSaturdayHasClass ([pk_fk_SQLSaturday], [pk_fk_Class]) VALUES (588, 97);
INSERT INTO dbo.SQLSaturdayHasClass ([pk_fk_SQLSaturday], [pk_fk_Class]) VALUES (626, 98);
INSERT INTO dbo.SQLSaturdayHasClass ([pk_fk_SQLSaturday], [pk_fk_Class]) VALUES (616, 99);
INSERT INTO dbo.SQLSaturdayHasClass ([pk_fk_SQLSaturday], [pk_fk_Class]) VALUES (588, 100);
INSERT INTO dbo.SQLSaturdayHasClass ([pk_fk_SQLSaturday], [pk_fk_Class]) VALUES (616, 101);
INSERT INTO dbo.SQLSaturdayHasClass ([pk_fk_SQLSaturday], [pk_fk_Class]) VALUES (626, 102);
INSERT INTO dbo.SQLSaturdayHasClass ([pk_fk_SQLSaturday], [pk_fk_Class]) VALUES (616, 103);
INSERT INTO dbo.SQLSaturdayHasClass ([pk_fk_SQLSaturday], [pk_fk_Class]) VALUES (588, 104);
INSERT INTO dbo.SQLSaturdayHasClass ([pk_fk_SQLSaturday], [pk_fk_Class]) VALUES (626, 105);
INSERT INTO dbo.SQLSaturdayHasClass ([pk_fk_SQLSaturday], [pk_fk_Class]) VALUES (588, 106);
INSERT INTO dbo.SQLSaturdayHasClass ([pk_fk_SQLSaturday], [pk_fk_Class]) VALUES (626, 107);
INSERT INTO dbo.SQLSaturdayHasClass ([pk_fk_SQLSaturday], [pk_fk_Class]) VALUES (588, 108);
INSERT INTO dbo.SQLSaturdayHasClass ([pk_fk_SQLSaturday], [pk_fk_Class]) VALUES (626, 109);
INSERT INTO dbo.SQLSaturdayHasClass ([pk_fk_SQLSaturday], [pk_fk_Class]) VALUES (626, 110);
INSERT INTO dbo.SQLSaturdayHasClass ([pk_fk_SQLSaturday], [pk_fk_Class]) VALUES (626, 111);
INSERT INTO dbo.SQLSaturdayHasClass ([pk_fk_SQLSaturday], [pk_fk_Class]) VALUES (588, 112);
INSERT INTO dbo.SQLSaturdayHasClass ([pk_fk_SQLSaturday], [pk_fk_Class]) VALUES (588, 113);
INSERT INTO dbo.SQLSaturdayHasClass ([pk_fk_SQLSaturday], [pk_fk_Class]) VALUES (588, 114);
INSERT INTO dbo.SQLSaturdayHasClass ([pk_fk_SQLSaturday], [pk_fk_Class]) VALUES (588, 115);
INSERT INTO dbo.SQLSaturdayHasClass ([pk_fk_SQLSaturday], [pk_fk_Class]) VALUES (588, 116);
INSERT INTO dbo.SQLSaturdayHasClass ([pk_fk_SQLSaturday], [pk_fk_Class]) VALUES (588, 117);
INSERT INTO dbo.SQLSaturdayHasClass ([pk_fk_SQLSaturday], [pk_fk_Class]) VALUES (626, 117);
INSERT INTO dbo.SQLSaturdayHasClass ([pk_fk_SQLSaturday], [pk_fk_Class]) VALUES (588, 118);
INSERT INTO dbo.SQLSaturdayHasClass ([pk_fk_SQLSaturday], [pk_fk_Class]) VALUES (616, 118);
INSERT INTO dbo.SQLSaturdayHasClass ([pk_fk_SQLSaturday], [pk_fk_Class]) VALUES (616, 119);
INSERT INTO dbo.SQLSaturdayHasClass ([pk_fk_SQLSaturday], [pk_fk_Class]) VALUES (616, 120);
INSERT INTO dbo.SQLSaturdayHasClass ([pk_fk_SQLSaturday], [pk_fk_Class]) VALUES (616, 121);
INSERT INTO dbo.SQLSaturdayHasClass ([pk_fk_SQLSaturday], [pk_fk_Class]) VALUES (616, 122);
INSERT INTO dbo.SQLSaturdayHasClass ([pk_fk_SQLSaturday], [pk_fk_Class]) VALUES (616, 123);
INSERT INTO dbo.SQLSaturdayHasClass ([pk_fk_SQLSaturday], [pk_fk_Class]) VALUES (616, 124);
INSERT INTO dbo.SQLSaturdayHasClass ([pk_fk_SQLSaturday], [pk_fk_Class]) VALUES (616, 125);
INSERT INTO dbo.SQLSaturdayHasClass ([pk_fk_SQLSaturday], [pk_fk_Class]) VALUES (588, 126);
INSERT INTO dbo.SQLSaturdayHasClass ([pk_fk_SQLSaturday], [pk_fk_Class]) VALUES (588, 127);
INSERT INTO dbo.SQLSaturdayHasClass ([pk_fk_SQLSaturday], [pk_fk_Class]) VALUES (588, 128);
INSERT INTO dbo.SQLSaturdayHasClass ([pk_fk_SQLSaturday], [pk_fk_Class]) VALUES (588, 131);
INSERT INTO dbo.SQLSaturdayHasClass ([pk_fk_SQLSaturday], [pk_fk_Class]) VALUES (588, 132);
INSERT INTO dbo.SQLSaturdayHasClass ([pk_fk_SQLSaturday], [pk_fk_Class]) VALUES (588, 133);
INSERT INTO dbo.SQLSaturdayHasClass ([pk_fk_SQLSaturday], [pk_fk_Class]) VALUES (588, 134);
INSERT INTO dbo.SQLSaturdayHasClass ([pk_fk_SQLSaturday], [pk_fk_Class]) VALUES (588, 135);
INSERT INTO dbo.SQLSaturdayHasClass ([pk_fk_SQLSaturday], [pk_fk_Class]) VALUES (588, 136);
INSERT INTO dbo.SQLSaturdayHasClass ([pk_fk_SQLSaturday], [pk_fk_Class]) VALUES (588, 137);
INSERT INTO dbo.SQLSaturdayHasClass ([pk_fk_SQLSaturday], [pk_fk_Class]) VALUES (588, 138);
INSERT INTO dbo.SQLSaturdayHasClass ([pk_fk_SQLSaturday], [pk_fk_Class]) VALUES (626, 139);
INSERT INTO dbo.SQLSaturdayHasClass ([pk_fk_SQLSaturday], [pk_fk_Class]) VALUES (616, 140);
INSERT INTO dbo.SQLSaturdayHasClass ([pk_fk_SQLSaturday], [pk_fk_Class]) VALUES (588, 141);
INSERT INTO dbo.SQLSaturdayHasClass ([pk_fk_SQLSaturday], [pk_fk_Class]) VALUES (588, 142);
INSERT INTO dbo.SQLSaturdayHasClass ([pk_fk_SQLSaturday], [pk_fk_Class]) VALUES (588, 143);
INSERT INTO dbo.SQLSaturdayHasClass ([pk_fk_SQLSaturday], [pk_fk_Class]) VALUES (626, 144);
INSERT INTO dbo.SQLSaturdayHasClass ([pk_fk_SQLSaturday], [pk_fk_Class]) VALUES (616, 145);
INSERT INTO dbo.SQLSaturdayHasClass ([pk_fk_SQLSaturday], [pk_fk_Class]) VALUES (626, 146);
INSERT INTO dbo.SQLSaturdayHasClass ([pk_fk_SQLSaturday], [pk_fk_Class]) VALUES (616, 147);
INSERT INTO dbo.SQLSaturdayHasClass ([pk_fk_SQLSaturday], [pk_fk_Class]) VALUES (616, 148);
INSERT INTO dbo.SQLSaturdayHasClass ([pk_fk_SQLSaturday], [pk_fk_Class]) VALUES (616, 149);
INSERT INTO dbo.SQLSaturdayHasClass ([pk_fk_SQLSaturday], [pk_fk_Class]) VALUES (588, 150);
INSERT INTO dbo.SQLSaturdayHasClass ([pk_fk_SQLSaturday], [pk_fk_Class]) VALUES (588, 151);
INSERT INTO dbo.SQLSaturdayHasClass ([pk_fk_SQLSaturday], [pk_fk_Class]) VALUES (588, 152);

COMMIT;
GO
